source_id,profiles,name_pattern_class,has_t0,t0,n_redshift_versions,n_summary_versions,n_classifications,has_alias,has_tns_name,comment_exists,photometry_exists,spectrum_exists,created_at,modified,ra,dec,redshift,anchor_type,t0_from_id,id_timestamp,delta_id_created_s,t0_source,t0_uncertainty_hours,tier_status
2024abfo,grandma_base,other,False,,0,2,0,False,True,False,True,False,2024-11-16T12:40:55.262737,2024-11-16T22:40:53.476141,59.3567107692,-46.1854361538,,first_detection,,,,created_at_dossier_only,17572.1447668205,dossier_only
2024hdk,grandma_base,other,False,,0,0,0,False,True,True,False,False,2024-04-24T02:51:46.245650,2024-04-24T02:51:46.245650,130.62572356337,-15.599537838915,,first_detection,,,,created_at_dossier_only,17572.1447668205,dossier_only
2024hdr,grandma_base,other,False,,0,0,0,False,True,True,False,False,2024-04-24T04:12:12.561165,2024-04-24T04:12:12.561165,120.80455951605,-24.332682663095,,first_detection,,,,created_at_dossier_only,17572.1447668205,dossier_only
2024hiu,grandma_base,other,False,,0,0,0,False,True,True,True,False,2024-04-30T03:32:05.120525,2024-04-30T03:32:18.019659,126.19269,-33.12002,,first_detection,,,,created_at_dossier_only,17572.1447668205,dossier_only
2024hiw,grandma_base,other,False,,0,0,0,False,True,True,True,False,2024-04-30T03:18:07.913929,2024-04-30T03:21:03.554392,126.60655833333334,-24.034583333333334,,first_detection,,,,created_at_dossier_only,17572.1447668205,dossier_only
2025adgp,grandma_base,other,False,,0,0,0,True,True,False,False,False,2025-11-13T04:59:10.689526,2025-11-15T17:01:53.882396,26.942508,-51.823756,,first_detection,,,,created_at_dossier_only,17572.1447668205,dossier_only
2025adhf,grandma_base,other,False,,0,0,0,True,True,False,True,False,2025-11-13T12:59:40.990817,2025-11-17T17:00:05.215396,40.9349795,-55.3183185,,first_detection,,,,created_at_dossier_only,17572.1447668205,dossier_only
2025adhs,grandma_base,other,False,,0,0,0,True,True,False,False,False,2025-11-13T18:18:34.937617,2026-02-25T22:20:49.127336,63.234983,-54.196225,,first_detection,,,,created_at_dossier_only,17572.1447668205,dossier_only
2025adht,grandma_base,other,True,60260.63802083,0,0,1,True,True,True,True,False,2025-11-13T19:27:26.160266,2025-11-15T17:40:57.639703,180.1014602,49.0477645,,first_detection,,,,skyportal_t0,0,phase_matching
2025adhu,grandma_base,other,False,,0,0,0,True,True,False,True,False,2025-11-13T19:31:27.985597,2025-11-15T17:38:53.761264,181.8040491,55.6536359,,first_detection,,,,created_at_dossier_only,17572.1447668205,dossier_only
2025adhz,grandma_base,other,False,,0,0,0,True,True,False,True,False,2025-11-14T08:54:25.425103,2025-11-15T17:25:35.510698,184.916369,57.1677779,,first_detection,,,,created_at_dossier_only,17572.1447668205,dossier_only
2025adia,grandma_base,other,False,,0,0,0,True,True,False,True,False,2025-11-14T08:54:25.819106,2025-11-15T17:19:11.066348,169.569004,35.985827,,first_detection,,,,created_at_dossier_only,17572.1447668205,dossier_only
2025adib,grandma_base,other,False,,0,0,0,True,True,False,True,False,2025-11-14T08:54:26.186999,2025-11-15T17:27:17.780416,169.0767857,39.8634354,,first_detection,,,,created_at_dossier_only,17572.1447668205,dossier_only
2025adic,grandma_base,other,False,,0,0,0,True,True,False,True,False,2025-11-14T08:54:26.540880,2025-11-15T17:35:42.943665,169.5444856,41.094776,,first_detection,,,,created_at_dossier_only,17572.1447668205,dossier_only
2025adid,grandma_base,other,False,,0,0,0,True,True,False,True,False,2025-11-14T08:54:26.896427,2025-11-15T17:37:18.176748,190.8111907,57.3288988,,first_detection,,,,created_at_dossier_only,17572.1447668205,dossier_only
2025adie,grandma_base,other,False,,0,0,0,True,True,False,True,False,2025-11-14T08:54:27.273385,2025-11-15T17:32:12.370023,185.3959656,56.586273,,first_detection,,,,created_at_dossier_only,17572.1447668205,dossier_only
2025adkl,grandma_base,other,False,,0,0,1,False,True,True,False,False,2025-11-15T00:46:35.358456,2025-11-15T00:46:35.358456,7.535766098487186,-41.078709318686045,,first_detection,,,,created_at_dossier_only,17572.1447668205,dossier_only
2025aji,grandma_base,other,True,60704.19802083,4,8,1,True,True,True,True,False,2025-01-29T06:54:40.936007,2026-06-19T15:04:12.195191,198.67673,5.03063,2.151,first_detection,,,,skyportal_t0,0,phase_matching
2025azm,grandma_base,other,False,,0,3,2,False,True,True,True,False,2025-02-07T04:50:27.665981,2025-02-07T09:24:05.713496,2.031278,32.56575,,first_detection,,,,created_at_dossier_only,17572.1447668205,dossier_only
2025azn,grandma_base,other,False,,0,4,2,False,True,True,True,False,2025-02-07T05:22:51.228966,2025-02-07T08:34:51.524353,39.822573,49.572528,,first_detection,,,,created_at_dossier_only,17572.1447668205,dossier_only
2025baf,grandma_base,other,False,,0,0,2,False,True,False,True,False,2025-02-07T12:53:29.302033,2025-02-07T12:53:29.302033,158.506624546,-29.7469922495,,first_detection,,,,created_at_dossier_only,17572.1447668205,dossier_only
2025bag,grandma_base,other,False,,0,0,2,False,True,False,True,False,2025-02-07T13:05:37.351959,2025-02-08T16:33:16.485024,154.61373487,-26.7329055976,,first_detection,,,,created_at_dossier_only,17572.1447668205,dossier_only
2025bah,grandma_base,other,False,,0,0,2,False,True,False,True,False,2025-02-07T13:09:40.932643,2025-02-07T13:09:40.932643,152.779895922,-21.3745584038,,first_detection,,,,created_at_dossier_only,17572.1447668205,dossier_only
2025bai,grandma_base,other,False,,0,0,2,False,True,False,True,False,2025-02-07T13:50:13.275577,2025-02-07T13:50:13.275577,151.935085324,-20.3429319805,,first_detection,,,,created_at_dossier_only,17572.1447668205,dossier_only
2025baj,grandma_base,other,False,,0,0,2,False,True,False,True,False,2025-02-07T13:54:16.910018,2025-02-07T13:54:16.910018,156.516533253,-28.3455340139,,first_detection,,,,created_at_dossier_only,17572.1447668205,dossier_only
2025bam,grandma_base,other,False,,0,0,2,False,True,False,True,False,2025-02-07T14:26:41.537375,2025-02-07T14:26:41.537375,152.008806792,-19.8407718568,,first_detection,,,,created_at_dossier_only,17572.1447668205,dossier_only
2025ban,grandma_base,other,False,,0,0,2,False,True,False,True,False,2025-02-07T14:30:43.926049,2025-02-07T14:30:43.926049,152.917705546,-18.9522025627,,first_detection,,,,created_at_dossier_only,17572.1447668205,dossier_only
2025bao,grandma_base,other,False,,0,0,2,False,True,False,False,False,2025-02-07T15:08:03.971033,2025-02-07T15:08:03.971033,169.237557,-45.541414,,first_detection,,,,created_at_dossier_only,17572.1447668205,dossier_only
2025bap,grandma_base,other,False,,0,0,2,False,True,False,False,False,2025-02-07T15:59:50.632354,2025-02-07T15:59:50.632354,153.859024735,-30.0970755628,,first_detection,,,,created_at_dossier_only,17572.1447668205,dossier_only
2025bar,grandma_base,other,False,,0,0,2,False,True,False,False,False,2025-02-07T16:52:30.613694,2025-02-08T16:33:17.045880,170.681922,-45.574606,,first_detection,,,,created_at_dossier_only,17572.1447668205,dossier_only
2025bay,grandma_base,other,False,,0,2,4,False,True,True,False,False,2025-02-08T05:06:45.551472,2025-02-08T08:27:12.241592,7.5048808,37.1683311,,first_detection,,,,created_at_dossier_only,17572.1447668205,dossier_only
2025baz,grandma_base,other,False,,0,2,4,False,True,True,False,False,2025-02-08T05:39:10.087781,2025-02-08T08:26:31.143308,34.8607539,47.5471076,,first_detection,,,,created_at_dossier_only,17572.1447668205,dossier_only
2025gcz,grandma_base,other,True,60761.88295139,3,6,2,False,True,True,True,False,2025-03-27T22:27:19.559221,2025-03-31T21:02:41.717666,176.778049,29.840159,3.035,first_detection,,,,skyportal_t0,0,phase_matching
2025shz,grandma_base,other,False,,0,0,0,False,True,True,True,False,2025-07-27T02:54:32.240018,2025-07-29T06:36:04.462560,231.07243361714646,-37.622633689371995,,first_detection,,,,created_at_dossier_only,17572.1447668205,dossier_only
2025sib,grandma_base,other,False,,0,1,0,False,True,True,True,False,2025-07-27T02:54:32.961088,2025-07-31T09:15:22.404461,235.548953,-35.002893,,first_detection,,,,created_at_dossier_only,17572.1447668205,dossier_only
2025srk,grandma_base,other,False,,0,0,0,False,True,True,True,False,2025-07-31T00:25:28.502479,2025-07-31T00:25:28.502479,234.755524,-36.425993,,first_detection,,,,created_at_dossier_only,17572.1447668205,dossier_only
2025srl,grandma_base,other,False,,0,0,0,False,True,True,True,False,2025-07-31T10:46:37.096715,2025-07-31T10:46:52.370672,234.90473,-36.726032,,first_detection,,,,created_at_dossier_only,17572.1447668205,dossier_only
2025srm,grandma_base,other,False,,0,0,0,False,True,True,True,False,2025-07-31T10:56:30.144173,2025-07-31T10:56:40.383990,232.987656,-36.816564,,first_detection,,,,created_at_dossier_only,17572.1447668205,dossier_only
2025ssf,grandma_base,other,False,,0,0,0,False,True,True,False,False,2025-07-31T13:35:46.955375,2025-07-31T13:35:54.891592,99.02238,-36.026584,,first_detection,,,,created_at_dossier_only,17572.1447668205,dossier_only
2025ssg,grandma_base,other,False,,0,0,0,False,True,True,False,False,2025-07-31T13:38:09.456999,2025-07-31T13:40:03.035983,97.813775,-36.075323,,first_detection,,,,created_at_dossier_only,17572.1447668205,dossier_only
2025ssh,grandma_base,other,False,,0,0,0,False,True,True,False,False,2025-07-31T13:39:28.489198,2025-07-31T13:39:38.919344,97.339644,-36.600508,,first_detection,,,,created_at_dossier_only,17572.1447668205,dossier_only
2025ssi,grandma_base,other,False,,0,0,0,False,True,True,False,False,2025-07-31T12:33:59.876413,2025-07-31T12:33:59.876413,99.146548,-37.499065,,first_detection,,,,created_at_dossier_only,17572.1447668205,dossier_only
2026cex,grandma_base,other,True,61069.21403935,0,5,2,True,True,True,True,True,2026-02-06T04:13:25.419592,2026-02-07T13:25:30.733164,112.535583,24.501583,,first_detection,,,,skyportal_t0,0,phase_matching
2026owq,grandma_base,other,True,61201.990442708,2,44,1,True,True,True,True,False,2026-06-11T02:21:37.079885,2026-07-03T07:08:28.428264,218.159414,27.004935,0.473,first_detection,,,,skyportal_t0,0,phase_matching
250206dm-DDOTI-1,grandma_base,other,False,,1,1,1,False,False,False,False,False,2025-02-07T17:18:11.055541,2025-02-07T19:48:31.654781,149.75733333333332,-16.55627777777778,0.45,first_detection,,,,created_at_dossier_only,17572.1447668205,dossier_only
250206dm-DDOTI-2,grandma_base,other,False,,1,1,1,False,False,False,False,False,2025-02-07T17:19:58.462803,2025-02-07T19:47:54.740916,149.8518333333333,-16.493722222222225,0.66,first_detection,,,,created_at_dossier_only,17572.1447668205,dossier_only
2MASS08071354-3157294,grandma_base,other,False,,0,0,1,False,False,True,False,False,2024-04-23T09:36:32.527032,2024-04-23T14:05:36.843924,121.806,-31.958,,first_detection,,,,created_at_dossier_only,17572.1447668205,dossier_only
2MASS08164547-2036118,grandma_base,other,False,,0,0,1,False,False,True,False,False,2024-04-23T14:01:59.084499,2024-04-23T14:05:20.683946,124.189,-20.603,,first_detection,,,,created_at_dossier_only,17572.1447668205,dossier_only
4FGLJ0555.9+0030,grandma_base,other,False,,0,0,2,False,False,True,True,False,2024-03-27T19:22:56.897995,2024-04-03T18:57:36.858622,88.9975,0.5061111,,first_detection,,,,created_at_dossier_only,17572.1447668205,dossier_only
4FGLJ1557.2+3822,grandma_base,other,False,,0,0,2,False,False,True,True,False,2024-03-07T16:48:50.625637,2024-03-07T16:48:50.625637,239.31,38.38,,first_detection,,,,created_at_dossier_only,17572.1447668205,dossier_only
4FGLJ1616.5-3500,grandma_base,other,False,,0,0,2,False,False,True,True,False,2024-07-16T12:05:58.764779,2024-07-16T12:05:58.764779,244.13,-35.0,,first_detection,,,,created_at_dossier_only,17572.1447668205,dossier_only
4FGL_IC240419A,grandma_base,other,False,,0,0,2,False,False,True,True,False,2024-04-20T15:43:56.047377,2024-04-20T15:43:56.047377,75.65,0.61,,first_detection,,,,created_at_dossier_only,17572.1447668205,dossier_only
AT2023toh	,grandma_base,tns_like,False,,0,0,1,False,False,False,False,False,2023-09-26T07:52:09.653537,2023-09-26T07:52:09.653537,344.5339375,-20.194336111111113,,first_detection,,,,created_at_dossier_only,17572.1447668205,dossier_only
AT2024eju,grandma_base,tns_like,False,,0,0,1,False,False,True,False,False,2024-03-17T06:18:25.670645,2024-03-17T06:18:25.670645,141.64763333333332,-9.534008333333333,,first_detection,,,,created_at_dossier_only,17572.1447668205,dossier_only
AT2024hdl,grandma_base,tns_like,False,,1,0,1,False,True,True,False,False,2024-04-24T09:45:14.658613,2024-04-30T20:38:26.819719,125.4727,-30.1022,0.0416,first_detection,,,,created_at_dossier_only,17572.1447668205,dossier_only
AT2024hdm,grandma_base,tns_like,False,,0,0,2,False,False,True,False,False,2024-04-24T09:23:11.088183,2024-04-24T09:23:11.088183,126.65801,-20.83357,,first_detection,,,,created_at_dossier_only,17572.1447668205,dossier_only
AT2024hdn,grandma_base,tns_like,False,,0,0,1,False,False,True,False,False,2024-04-24T09:43:23.453327,2024-04-24T09:43:23.453327,127.302473,-21.50639,,first_detection,,,,created_at_dossier_only,17572.1447668205,dossier_only
AT2024hdo,grandma_base,tns_like,False,,0,0,1,False,False,True,False,False,2024-04-24T09:46:17.897936,2024-04-24T09:46:17.897936,120.866797,-26.01212,,first_detection,,,,created_at_dossier_only,17572.1447668205,dossier_only
AT2024hdp,grandma_base,tns_like,False,,0,0,1,False,False,True,False,False,2024-04-24T09:51:27.733212,2024-04-24T09:51:27.733212,120.543455,-27.25787,,first_detection,,,,created_at_dossier_only,17572.1447668205,dossier_only
AT2024hdq,grandma_base,tns_like,False,,0,0,1,False,False,True,False,False,2024-04-24T10:48:16.475139,2024-04-24T10:48:16.475139,115.811388,-25.76403,,first_detection,,,,created_at_dossier_only,17572.1447668205,dossier_only
AT2024hfq,grandma_base,tns_like,False,,0,0,1,False,True,True,False,False,2024-04-25T06:00:45.312585,2024-05-01T18:51:33.695503,126.286902,-24.729418,,first_detection,,,,created_at_dossier_only,17572.1447668205,dossier_only
AT2024hfr,grandma_base,tns_like,False,,0,0,1,False,True,True,False,False,2024-04-25T06:03:25.940949,2024-05-01T18:51:34.281496,130.266165,-18.593131,,first_detection,,,,created_at_dossier_only,17572.1447668205,dossier_only
AT2024hfs,grandma_base,tns_like,False,,0,0,1,False,True,True,False,False,2024-04-25T08:23:42.011987,2024-05-01T18:51:35.788070,127.16021272456,-20.383216449506,,first_detection,,,,created_at_dossier_only,17572.1447668205,dossier_only
AT2025smm,grandma_base,tns_like,False,,0,6,0,True,True,True,True,False,2025-07-29T06:12:17.157539,2025-08-02T09:00:11.350626,97.47619,-37.23207,,first_detection,,,,created_at_dossier_only,17572.1447668205,dossier_only
ATLAS24fsk,grandma_base,other,False,,0,0,2,False,True,True,True,False,2024-04-11T13:49:38.077305,2024-04-12T14:15:04.134124,169.592046667,-32.8375816667,,first_detection,,,,created_at_dossier_only,17572.1447668205,dossier_only
BAT240624,grandma_base,other,False,,0,1,1,False,False,True,False,False,2024-06-24T06:09:09.211690,2024-06-26T06:48:06.959893,102.444,-6.543,,first_detection,,,,created_at_dossier_only,17572.1447668205,dossier_only
C202404161101539p095533,grandma_base,other,False,,0,0,1,False,True,False,False,False,2024-04-18T07:00:48.087627,2024-04-23T15:39:36.096970,165.4746,9.9258,,first_detection,,,,created_at_dossier_only,17572.1447668205,dossier_only
Cadieredazur,grandma_base,other,False,,0,1,2,False,False,False,False,False,2023-05-20T15:32:23.647874,2023-05-21T19:41:45.148510,111.5854,-50.5131,,first_detection,,,,created_at_dossier_only,17572.1447668205,dossier_only
ECLAIRs240713,grandma_base,other,False,,0,0,1,False,False,True,False,False,2024-07-13T09:42:59.161831,2024-07-13T09:42:59.161831,352.6281738,1.88658189,,first_detection,,,,created_at_dossier_only,17572.1447668205,dossier_only
EP-241103_012438,ep|grandma_base,ep_internal,False,,0,0,1,False,False,False,False,False,2024-11-03T02:21:21.801150,2024-11-03T02:21:21.801150,27.76,18.978,,trigger,60617.0587731482,2024-11-03T01:24:38+00:00,3403.80115,source_id_timestamp_ep,0.269216666696593,provisional
EP-250124_205203,ep,ep_internal,False,,0,0,0,False,False,False,False,False,2025-01-24T21:13:13.651152,2025-01-24T21:13:13.651152,49.904,41.634,,trigger,60699.8694791667,2025-01-24T20:52:03+00:00,1270.651152,source_id_timestamp_ep,0.269216666696593,provisional
EP-250125_023732,ep,ep_internal,False,,0,0,0,False,False,False,False,False,2025-01-25T02:44:02.078344,2025-01-25T02:44:02.078344,175.353,-21.704,,trigger,60700.1093981481,2025-01-25T02:37:32+00:00,390.078344,source_id_timestamp_ep,0.269216666696593,provisional
EP-250129_044923,ep,ep_internal,False,,0,0,0,False,False,False,False,False,2025-01-29T05:07:23.867446,2025-01-29T05:07:23.867446,72.216,10.03,,trigger,60704.2009606482,2025-01-29T04:49:23+00:00,1080.867446,source_id_timestamp_ep,0.269216666696593,provisional
EP-250307_185120,ep,ep_internal,False,,0,0,0,False,False,False,False,False,2025-03-14T20:24:06.093682,2025-03-14T20:24:06.093682,215.645,-46.399,,trigger,60741.7856481482,2025-03-07T18:51:20+00:00,610366.093682,source_id_timestamp_ep,0.269216666696593,provisional
EP-250308_170358,ep,ep_internal,False,,0,0,0,False,False,False,False,False,2025-03-14T20:24:29.055774,2025-03-14T20:24:29.055774,210.598,18.497,,trigger,60742.711087963,2025-03-08T17:03:58+00:00,530431.055774,source_id_timestamp_ep,0.269216666696593,provisional
EP-250310_184216,ep,ep_internal,False,,0,0,0,False,False,False,False,False,2025-03-14T20:24:51.213735,2025-03-14T20:24:51.213735,196.923,11.969,,trigger,60744.7793518519,2025-03-10T18:42:16+00:00,351755.213735,source_id_timestamp_ep,0.269216666696593,provisional
EP-250311_015619,ep,ep_internal,False,,0,0,0,False,False,False,False,False,2025-03-14T20:25:12.630603,2025-03-14T20:25:12.630603,224.691,-2.85,,trigger,60745.080775463,2025-03-11T01:56:19+00:00,325733.630603,source_id_timestamp_ep,0.269216666696593,provisional
EP-250313_120416,ep,ep_internal,False,,0,0,0,False,False,False,False,False,2025-03-14T20:25:36.901125,2025-03-14T20:25:36.901125,162.124,19.647,,trigger,60747.502962963,2025-03-13T12:04:16+00:00,116480.901125,source_id_timestamp_ep,0.269216666696593,provisional
EP-250315_060248,ep,ep_internal,False,,0,0,0,False,False,False,False,False,2025-03-15T06:08:36.615964,2025-03-15T06:08:36.615964,203.02,-9.531,,trigger,60749.2519444444,2025-03-15T06:02:48+00:00,348.615964,source_id_timestamp_ep,0.269216666696593,provisional
EP-250316_073048,ep,ep_internal,False,,0,0,0,False,False,False,False,False,2025-03-16T09:39:39.353138,2025-03-16T09:39:39.353138,133.216,22.504,,trigger,60750.3130555556,2025-03-16T07:30:48+00:00,7731.353138,source_id_timestamp_ep,0.269216666696593,provisional
EP-250321_060959,ep,ep_internal,False,,0,0,0,False,False,False,False,False,2025-03-21T07:04:51.907294,2025-03-21T07:04:51.907294,179.262,17.386,,trigger,60755.2569328704,2025-03-21T06:09:59+00:00,3292.907294,source_id_timestamp_ep,0.269216666696593,provisional
EP-250324_093823,ep,ep_internal,False,,0,0,0,False,False,True,False,False,2025-03-24T10:07:54.251579,2025-03-24T10:07:54.251579,184.658,39.187,,trigger,60758.4016550926,2025-03-24T09:38:23+00:00,1771.251579,source_id_timestamp_ep,0.269216666696593,provisional
EP-250402_123033,ep,ep_internal,False,,0,0,0,False,False,False,False,False,2025-04-03T03:11:27.179524,2025-04-03T03:11:27.179524,172.168,-47.29,,trigger,60767.5212152778,2025-04-02T12:30:33+00:00,52854.179524,source_id_timestamp_ep,0.269216666696593,provisional
EP-250402_173820,ep,ep_internal,False,,0,0,0,False,False,False,False,False,2025-04-03T00:17:28.929255,2025-04-03T00:17:28.929255,224.635,-39.246,,trigger,60767.7349537037,2025-04-02T17:38:20+00:00,23948.929255,source_id_timestamp_ep,0.269216666696593,provisional
EP-250404_141959,ep,ep_internal,False,,0,0,0,False,False,False,False,False,2025-04-04T14:25:00.458568,2025-04-04T14:25:00.458568,125.064,35.511,,trigger,60769.5972106482,2025-04-04T14:19:59+00:00,301.458568,source_id_timestamp_ep,0.269216666696593,provisional
EP-250408_232723,ep,ep_internal,False,,0,0,0,False,False,False,False,False,2025-04-08T07:43:27.096220,2025-04-08T07:43:27.096220,134.813,-38.956,,trigger,60773.977349537,2025-04-08T23:27:23+00:00,-56635.90378,source_id_timestamp_ep,0.269216666696593,provisional
EP-250416_175359,ep,ep_internal,False,,0,0,0,False,False,False,False,False,2025-04-16T21:09:34.807642,2025-04-16T21:09:34.807642,256.402,25.768,,trigger,60781.7458217593,2025-04-16T17:53:59+00:00,11735.807642,source_id_timestamp_ep,0.269216666696593,provisional
EP-250421_161629,ep,ep_internal,False,,0,0,0,False,False,False,False,False,2025-04-21T16:21:55.393894,2025-04-21T16:21:55.393894,172.413,-24.683,,trigger,60786.6781134259,2025-04-21T16:16:29+00:00,326.393894,source_id_timestamp_ep,0.269216666696593,provisional
EP-250427_033825,ep,ep_internal,False,,0,0,0,False,False,False,False,False,2025-04-27T07:19:44.103777,2025-04-27T07:19:44.103777,277.281,7.57,,trigger,60792.1516782407,2025-04-27T03:38:25+00:00,13279.103777,source_id_timestamp_ep,0.269216666696593,provisional
EP-250428_042931,ep,ep_internal,False,,0,0,0,False,False,False,False,False,2025-04-29T15:24:23.761163,2025-04-29T15:24:23.761163,220.459,2.1,,trigger,60793.1871643519,2025-04-28T04:29:31+00:00,125692.761163,source_id_timestamp_ep,0.269216666696593,provisional
EP-250506_210759,ep,ep_internal,False,,0,0,0,False,False,False,False,False,2025-05-06T21:12:16.478012,2025-05-06T21:12:16.478012,299.15,3.46,,trigger,60801.8805439815,2025-05-06T21:07:59+00:00,257.478012,source_id_timestamp_ep,0.269216666696593,provisional
EP-250508_060348,ep,ep_internal,False,,0,0,0,False,False,False,False,False,2025-05-08T06:12:14.367459,2025-05-08T06:12:14.367459,178.266,-19.9,,trigger,60803.2526388889,2025-05-08T06:03:48+00:00,506.367459,source_id_timestamp_ep,0.269216666696593,provisional
EP-250511_075959,ep,ep_internal,False,,0,0,0,False,False,False,False,False,2025-05-11T09:22:22.854119,2025-05-11T09:22:22.854119,202.096,-2.725,,trigger,60806.3333217593,2025-05-11T07:59:59+00:00,4943.854119,source_id_timestamp_ep,0.269216666696593,provisional
EP-250512_112208,ep,ep_internal,False,,0,0,0,False,False,False,False,False,2025-05-12T11:27:07.089349,2025-05-12T11:27:07.089349,215.216,-10.092,,trigger,60807.4737037037,2025-05-12T11:22:08+00:00,299.089349,source_id_timestamp_ep,0.269216666696593,provisional
EP-250516_192604,ep,ep_internal,False,,0,0,0,False,False,False,False,False,2025-05-16T19:30:19.283165,2025-05-16T19:30:19.283165,17.762,-73.288,,trigger,60811.8097685185,2025-05-16T19:26:04+00:00,255.283165,source_id_timestamp_ep,0.269216666696593,provisional
EP-250522_055651,ep,ep_internal,False,,0,0,0,False,False,False,False,False,2025-05-22T06:03:58.511166,2025-05-22T06:03:58.511166,186.249,-52.275,,trigger,60817.2478125,2025-05-22T05:56:51+00:00,427.511166,source_id_timestamp_ep,0.269216666696593,provisional
EP-250523_124432,ep,ep_internal,False,,0,0,0,False,False,False,False,False,2025-05-23T12:52:40.409199,2025-05-23T12:52:40.409199,213.96,-21.596,,trigger,60818.5309259259,2025-05-23T12:44:32+00:00,488.409199,source_id_timestamp_ep,0.269216666696593,provisional
EP-250526_192823,ep,ep_internal,False,,0,0,0,False,False,False,False,False,2025-05-27T02:32:49.912032,2025-05-27T02:32:49.912032,217.021,-34.31,,trigger,60821.8113773148,2025-05-26T19:28:23+00:00,25466.912032,source_id_timestamp_ep,0.269216666696593,provisional
EP-250528_164502,ep,ep_internal,False,,0,0,0,False,False,False,False,False,2025-05-28T17:15:37.839212,2025-05-28T17:15:37.839212,239.433,-79.643,,trigger,60823.6979398148,2025-05-28T16:45:02+00:00,1835.839212,source_id_timestamp_ep,0.269216666696593,provisional
EP-250531_014623,ep,ep_internal,False,,0,0,0,False,False,False,False,False,2025-05-31T01:52:28.042406,2025-05-31T01:52:28.042406,257.382,-26.652,,trigger,60826.0738773148,2025-05-31T01:46:23+00:00,365.042406,source_id_timestamp_ep,0.269216666696593,provisional
EP-250605_092419,ep,ep_internal,False,,0,0,0,False,False,False,False,False,2025-06-05T09:28:57.113732,2025-06-05T09:28:57.113732,169.798,-19.841,,trigger,60831.3918865741,2025-06-05T09:24:19+00:00,278.113732,source_id_timestamp_ep,0.269216666696593,provisional
EP-250605_185148,ep,ep_internal,False,,0,0,0,False,False,False,False,False,2025-06-05T18:56:20.123075,2025-06-05T18:56:20.123075,238.239,44.957,,trigger,60831.7859722222,2025-06-05T18:51:48+00:00,272.123075,source_id_timestamp_ep,0.269216666696593,provisional
EP-250606_233820,ep,ep_internal,False,,0,0,0,False,False,False,False,False,2025-06-06T23:43:51.978029,2025-06-06T23:43:51.978029,209.849,-49.205,,trigger,60832.9849537037,2025-06-06T23:38:20+00:00,331.978029,source_id_timestamp_ep,0.269216666696593,provisional
EP-250608_045330,ep,ep_internal,False,,0,0,0,False,False,False,False,False,2025-06-08T04:59:32.728646,2025-06-08T04:59:32.728646,281.76,-36.851,,trigger,60834.2038194444,2025-06-08T04:53:30+00:00,362.728646,source_id_timestamp_ep,0.269216666696593,provisional
EP-250609_150200,ep,ep_internal,False,,0,0,0,False,False,False,False,False,2025-06-09T15:46:11.961913,2025-06-09T15:46:11.961913,181.26,-77.524,,trigger,60835.6263888889,2025-06-09T15:02:00+00:00,2651.961913,source_id_timestamp_ep,0.269216666696593,provisional
EP-250610_042550,ep,ep_internal,False,,0,0,0,False,False,False,False,False,2025-06-10T05:01:20.327976,2025-06-10T05:01:20.327976,248.31,38.527,,trigger,60836.1846064815,2025-06-10T04:25:50+00:00,2130.327976,source_id_timestamp_ep,0.269216666696593,provisional
EP-250612_122805,ep,ep_internal,False,,0,0,0,False,False,False,False,False,2025-06-12T12:33:56.517023,2025-06-12T12:33:56.517023,229.654,-26.757,,trigger,60838.5195023148,2025-06-12T12:28:05+00:00,351.517023,source_id_timestamp_ep,0.269216666696593,provisional
EP-250615_160624,ep,ep_internal,False,,0,0,0,False,False,False,False,False,2025-06-15T16:13:30.903679,2025-06-15T16:13:30.903679,235.137,-34.357,,trigger,60841.6711111111,2025-06-15T16:06:24+00:00,426.903679,source_id_timestamp_ep,0.269216666696593,provisional
EP-250617_112207,ep,ep_internal,False,,0,0,0,False,False,False,False,False,2025-06-17T11:29:26.444139,2025-06-17T11:29:26.444139,236.021,-33.173,,trigger,60843.4736921296,2025-06-17T11:22:07+00:00,439.444139,source_id_timestamp_ep,0.269216666696593,provisional
EP-250617_205801,ep,ep_internal,False,,0,0,0,False,False,False,False,False,2025-06-17T21:02:15.185600,2025-06-17T21:02:15.185600,237.304,-35.635,,trigger,60843.8736226852,2025-06-17T20:58:01+00:00,254.1856,source_id_timestamp_ep,0.269216666696593,provisional
EP-250619_145411,ep,ep_internal,False,,0,0,0,False,False,False,False,False,2025-06-19T15:42:53.460048,2025-06-19T15:42:53.460048,265.662,-27.733,,trigger,60845.6209606482,2025-06-19T14:54:11+00:00,2922.460048,source_id_timestamp_ep,0.269216666696593,provisional
EP-250620_194646,ep,ep_internal,False,,0,0,0,False,False,False,False,False,2025-06-20T20:37:03.763726,2025-06-20T20:37:03.763726,324.275,-60.594,,trigger,60846.8241435185,2025-06-20T19:46:46+00:00,3017.763726,source_id_timestamp_ep,0.269216666696593,provisional
EP-250625_092120,ep,ep_internal,False,,0,0,0,False,False,False,False,False,2025-06-25T09:26:16.745821,2025-06-25T09:26:16.745821,163.085,-89.029,,trigger,60851.3898148148,2025-06-25T09:21:20+00:00,296.745821,source_id_timestamp_ep,0.269216666696593,provisional
EP-250627_033848,ep,ep_internal,False,,0,0,0,False,False,False,False,False,2025-06-27T03:43:04.863387,2025-06-27T03:43:04.863387,325.668,43.576,,trigger,60853.1519444444,2025-06-27T03:38:48+00:00,256.863387,source_id_timestamp_ep,0.269216666696593,provisional
EP-250704_081653,ep|grandma_base,ep_internal,True,60860.34475694,3,42,1,True,True,True,True,False,2025-07-04T08:27:34.649624,2026-06-15T08:32:26.410099,300.8729,12.0232,0.661,trigger,60860.3450578704,2025-07-04T08:16:53+00:00,641.649624,skyportal_t0,0,phase_matching
EP-250706_173237,ep,ep_internal,False,,0,0,0,False,False,False,False,False,2025-07-06T17:37:50.370379,2025-07-06T17:37:50.370379,265.284,15.057,,trigger,60862.7309837963,2025-07-06T17:32:37+00:00,313.370379,source_id_timestamp_ep,0.269216666696593,provisional
EP-250708_222323,ep,ep_internal,False,,0,0,0,False,False,False,False,False,2025-07-08T22:27:51.510881,2025-07-08T22:27:51.510881,278.51,28.891,,trigger,60864.9329050926,2025-07-08T22:23:23+00:00,268.510881,source_id_timestamp_ep,0.269216666696593,provisional
EP-250711_171056,ep,ep_internal,False,,0,0,0,False,False,False,False,False,2025-07-12T02:32:53.912608,2025-07-12T02:32:53.912608,292.153,4.707,,trigger,60867.7159259259,2025-07-11T17:10:56+00:00,33717.912608,source_id_timestamp_ep,0.269216666696593,provisional
EP-250727_073405,ep|grandma_base,ep_internal,False,,0,0,0,False,False,False,False,False,2025-07-27T07:39:24.497076,2025-07-27T07:39:24.497076,286.334,-28.334,,trigger,60883.3153356481,2025-07-27T07:34:05+00:00,319.497076,source_id_timestamp_ep,0.269216666696593,provisional
EP-250802_124454,ep,ep_internal,False,,0,0,0,False,False,True,False,False,2025-08-02T12:50:28.990272,2025-08-02T12:50:28.990272,346.464,-7.772,,trigger,60889.5311805556,2025-08-02T12:44:54+00:00,334.990272,source_id_timestamp_ep,0.269216666696593,provisional
EP-250802_203245,ep,ep_internal,False,,0,0,0,False,False,False,False,False,2025-08-02T20:38:13.007015,2025-08-02T20:38:13.007015,301.478,-32.288,,trigger,60889.8560763889,2025-08-02T20:32:45+00:00,328.007015,source_id_timestamp_ep,0.269216666696593,provisional
EP-250806_091820,ep,ep_internal,True,60893.37651412037,0,0,0,False,False,True,True,False,2025-08-06T09:43:30.038494,2025-08-07T08:10:32.111626,335.1028,-26.8738,,trigger,60893.3877314815,2025-08-06T09:18:20+00:00,1510.038494,skyportal_t0,0,phase_matching
EP-250807_233052,ep,ep_internal,False,,0,0,0,False,False,False,False,False,2025-08-08T04:37:52.218628,2025-08-08T04:37:52.218628,281.311,14.383,,trigger,60894.9797685185,2025-08-07T23:30:52+00:00,18420.218628,source_id_timestamp_ep,0.269216666696593,provisional
EP-250812_130945,ep,ep_internal,False,,0,0,0,False,False,False,False,False,2025-08-12T13:14:12.858081,2025-08-12T13:14:12.858081,30.979,-9.305,,trigger,60899.5484375,2025-08-12T13:09:45+00:00,267.858081,source_id_timestamp_ep,0.269216666696593,provisional
EP-250821_071829,ep,ep_internal,False,,0,0,0,False,False,False,False,False,2025-08-21T07:24:05.435373,2025-08-21T07:24:05.435373,289.856,-43.41,,trigger,60908.3045023148,2025-08-21T07:18:29+00:00,336.435373,source_id_timestamp_ep,0.269216666696593,provisional
EP-250824_093834,ep,ep_internal,False,,0,0,0,False,False,False,False,False,2025-08-24T10:29:45.777760,2025-08-24T10:29:45.777760,355.854,-34.791,,trigger,60911.4017824074,2025-08-24T09:38:34+00:00,3071.77776,source_id_timestamp_ep,0.269216666696593,provisional
EP-250824_124054,ep,ep_internal,False,,0,0,0,False,False,False,False,False,2025-08-24T12:46:44.263792,2025-08-24T12:46:44.263792,328.537,-36.572,,trigger,60911.5284027778,2025-08-24T12:40:54+00:00,350.263792,source_id_timestamp_ep,0.269216666696593,provisional
EP-250827_074044,ep,ep_internal,False,,0,0,0,False,False,False,False,False,2025-08-27T07:47:05.173203,2025-08-27T07:47:05.173203,3.488,-56.463,,trigger,60914.3199537037,2025-08-27T07:40:44+00:00,381.173203,source_id_timestamp_ep,0.269216666696593,provisional
EP-250827_112223,ep,ep_internal,False,,0,0,0,False,False,False,False,False,2025-08-27T11:37:08.703344,2025-08-27T11:37:08.703344,35.219,33.337,,trigger,60914.4738773148,2025-08-27T11:22:23+00:00,885.703344,source_id_timestamp_ep,0.269216666696593,provisional
EP-250828_073233,ep,ep_internal,False,,0,0,0,False,False,False,False,False,2025-08-28T09:29:05.557915,2025-08-28T09:29:05.557915,327.905,20.567,,trigger,60915.3142708333,2025-08-28T07:32:33+00:00,6992.557915,source_id_timestamp_ep,0.269216666696593,provisional
EP-250829_205727,ep,ep_internal,False,,0,0,0,False,False,False,False,False,2025-08-29T21:50:21.170129,2025-08-29T21:50:21.170129,0.288,6.99,,trigger,60916.8732291667,2025-08-29T20:57:27+00:00,3174.170129,source_id_timestamp_ep,0.269216666696593,provisional
EP-250830_035709,ep,ep_internal,False,,0,0,0,False,False,False,False,False,2025-08-30T06:36:32.396113,2025-08-30T06:36:32.396113,105.723,-64.816,,trigger,60917.1646875,2025-08-30T03:57:09+00:00,9563.396113,source_id_timestamp_ep,0.269216666696593,provisional
EP-250831_094822,ep,ep_internal,False,,0,0,0,False,False,False,False,False,2025-08-31T13:37:10.563928,2025-08-31T13:37:10.563928,42.951,-36.175,,trigger,60918.408587963,2025-08-31T09:48:22+00:00,13728.563928,source_id_timestamp_ep,0.269216666696593,provisional
EP-250901_120504,ep,ep_internal,False,,0,0,0,False,False,False,False,False,2025-09-01T12:26:52.780524,2025-09-01T12:26:52.780524,273.025,18.676,,trigger,60919.5035185185,2025-09-01T12:05:04+00:00,1308.780524,source_id_timestamp_ep,0.269216666696593,provisional
EP-250903_140301,ep,ep_internal,False,,0,0,0,False,False,False,False,False,2025-09-03T14:07:10.086977,2025-09-03T14:07:10.086977,339.12,-49.863,,trigger,60921.5854282407,2025-09-03T14:03:01+00:00,249.086977,source_id_timestamp_ep,0.269216666696593,provisional
EP-250904_032403,ep,ep_internal,False,,0,0,0,False,False,False,False,False,2025-09-04T04:11:50.944871,2025-09-04T04:11:50.944871,30.039,-8.686,,trigger,60922.1417013889,2025-09-04T03:24:03+00:00,2867.944871,source_id_timestamp_ep,0.269216666696593,provisional
EP-250905_111149,ep,ep_internal,False,,0,0,0,False,False,False,False,False,2025-09-05T12:01:08.989835,2025-09-05T12:01:08.989835,4.441,37.493,,trigger,60923.4665393518,2025-09-05T11:11:49+00:00,2959.989835,source_id_timestamp_ep,0.269216666696593,provisional
EP-250905_191948,ep,ep_internal,False,,0,0,0,False,False,False,False,False,2025-09-06T03:36:21.677595,2025-09-06T03:36:21.677595,90.741,-54.144,,trigger,60923.8054166667,2025-09-05T19:19:48+00:00,29793.677595,source_id_timestamp_ep,0.269216666696593,provisional
EP-250908_155711,ep,ep_internal,False,,0,0,0,False,False,False,False,False,2025-09-08T17:03:00.680762,2025-09-08T17:03:00.680762,0.466,13.492,,trigger,60926.6647106482,2025-09-08T15:57:11+00:00,3949.680762,source_id_timestamp_ep,0.269216666696593,provisional
EP-250908_182619,ep,ep_internal,False,,0,0,0,False,False,False,False,False,2025-09-08T18:36:19.138451,2025-09-08T18:36:19.138451,297.51,-57.513,,trigger,60926.768275463,2025-09-08T18:26:19+00:00,600.138451,source_id_timestamp_ep,0.269216666696593,provisional
EP-250908_235055,ep,ep_internal,False,,0,0,0,False,False,False,False,False,2025-09-08T23:56:57.106166,2025-09-08T23:56:57.106166,8.226,-50.447,,trigger,60926.9936921296,2025-09-08T23:50:55+00:00,362.106166,source_id_timestamp_ep,0.269216666696593,provisional
EP-250909_091658,ep,ep_internal,False,,0,0,0,False,False,False,False,False,2025-09-09T09:22:43.538626,2025-09-09T09:22:43.538626,325.69,43.58,,trigger,60927.3867824074,2025-09-09T09:16:58+00:00,345.538626,source_id_timestamp_ep,0.269216666696593,provisional
EP-250911_085828,ep,ep_internal,False,,0,1,0,False,False,False,False,False,2025-09-11T09:16:36.045155,2025-09-13T12:41:34.644560,357.520125,29.2998889,,trigger,60929.3739351852,2025-09-11T08:58:28+00:00,1088.045155,source_id_timestamp_ep,0.269216666696593,provisional
EP-250912_231158,ep,ep_internal,False,,0,0,0,False,False,False,False,False,2025-09-12T23:16:30.059334,2025-09-12T23:16:30.059334,2.779,2.469,,trigger,60930.9666435185,2025-09-12T23:11:58+00:00,272.059334,source_id_timestamp_ep,0.269216666696593,provisional
EP-250916_233438,ep,ep_internal,False,,0,0,0,False,False,False,False,False,2025-09-16T23:39:33.057322,2025-09-16T23:39:33.057322,18.449,-59.648,,trigger,60934.9823842593,2025-09-16T23:34:38+00:00,295.057322,source_id_timestamp_ep,0.269216666696593,provisional
EP-250919_021455,ep,ep_internal,False,,0,0,0,False,False,False,False,False,2025-09-19T02:58:43.934562,2025-09-19T02:58:43.934562,298.552,-48.84,,trigger,60937.0936921296,2025-09-19T02:14:55+00:00,2628.934562,source_id_timestamp_ep,0.269216666696593,provisional
EP-251021_142829,ep,ep_internal,False,,0,0,0,False,False,False,False,False,2025-10-22T03:56:42.473090,2025-10-22T03:56:42.473090,306.716,-38.298,,trigger,60969.6031134259,2025-10-21T14:28:29+00:00,48493.47309,source_id_timestamp_ep,0.269216666696593,provisional
EP-251023_023110,ep,ep_internal,False,,0,0,0,False,False,False,False,False,2025-10-23T05:32:18.421425,2025-10-23T05:32:18.421425,127.151,20.871,,trigger,60971.1049768518,2025-10-23T02:31:10+00:00,10868.421425,source_id_timestamp_ep,0.269216666696593,provisional
EP-251023_084848,ep,ep_internal,False,,0,0,0,False,False,False,False,False,2025-10-23T09:45:09.761782,2025-10-23T09:45:09.761782,73.496,12.661,,trigger,60971.3672222222,2025-10-23T08:48:48+00:00,3381.761782,source_id_timestamp_ep,0.269216666696593,provisional
EP-251027_032853,ep,ep_internal,False,,0,0,0,False,False,False,False,False,2025-10-27T03:40:54.958153,2025-10-27T03:40:54.958153,112.221,50.056,,trigger,60975.1450578704,2025-10-27T03:28:53+00:00,721.958153,source_id_timestamp_ep,0.269216666696593,provisional
EP-251029_064318,ep|grandma_base,ep_internal,False,,0,1,0,False,False,False,False,False,2025-10-29T08:10:46.711937,2025-10-30T04:19:59.225233,71.783,20.665,,trigger,60977.2800694444,2025-10-29T06:43:18+00:00,5248.711937,source_id_timestamp_ep,0.269216666696593,provisional
EP-251102_212222,ep,ep_internal,False,,0,0,0,False,False,False,False,False,2025-11-03T08:17:26.608266,2025-11-03T08:17:26.608266,113.14,7.322,,trigger,60981.8905324074,2025-11-02T21:22:22+00:00,39304.608266,source_id_timestamp_ep,0.269216666696593,provisional
EP-251108_000050,ep,ep_internal,False,,0,0,0,False,False,False,False,False,2025-11-08T00:06:13.970143,2025-11-08T00:06:13.970143,64.981,27.238,,trigger,60987.0005787037,2025-11-08T00:00:50+00:00,323.970143,source_id_timestamp_ep,0.269216666696593,provisional
EP-251114_111644,ep,ep_internal,False,,0,0,0,False,False,False,False,False,2025-11-14T11:22:34.853855,2025-11-14T11:22:34.853855,64.11,28.105,,trigger,60993.4699537037,2025-11-14T11:16:44+00:00,350.853855,source_id_timestamp_ep,0.269216666696593,provisional
EP-251118_164229,ep,ep_internal,False,,0,0,0,False,False,False,False,False,2025-11-19T03:18:38.225693,2025-11-19T03:18:38.225693,123.16,10.952,,trigger,60997.6961689815,2025-11-18T16:42:29+00:00,38169.225693,source_id_timestamp_ep,0.269216666696593,provisional
EP-251119_131247,ep,ep_internal,False,,0,0,0,False,False,False,False,False,2025-11-19T14:03:17.297144,2025-11-19T14:03:17.297144,65.857,9.901,,trigger,60998.5505439815,2025-11-19T13:12:47+00:00,3030.297144,source_id_timestamp_ep,0.269216666696593,provisional
EP-251119_185522,ep,ep_internal,False,,0,0,0,False,False,False,False,False,2025-11-19T19:01:18.495028,2025-11-19T19:01:18.495028,30.733,4.785,,trigger,60998.7884490741,2025-11-19T18:55:22+00:00,356.495028,source_id_timestamp_ep,0.269216666696593,provisional
EP-251121_161200,ep,ep_internal,False,,0,0,0,False,False,False,False,False,2025-11-21T16:18:43.758311,2025-11-21T16:18:43.758311,65.939,15.642,,trigger,61000.675,2025-11-21T16:12:00+00:00,403.758311,source_id_timestamp_ep,0.269216666696593,provisional
EP-251122_135351,ep,ep_internal,False,,0,0,0,False,False,False,False,False,2025-11-22T13:59:35.001412,2025-11-22T13:59:35.001412,38.017,14.132,,trigger,61001.5790625,2025-11-22T13:53:51+00:00,344.001412,source_id_timestamp_ep,0.269216666696593,provisional
EP-251123_090039,ep,ep_internal,False,,0,0,0,False,False,False,False,False,2025-11-23T09:19:22.176742,2025-11-23T09:19:22.176742,3.982,-16.632,,trigger,61002.3754513889,2025-11-23T09:00:39+00:00,1123.176742,source_id_timestamp_ep,0.269216666696593,provisional
EP-251124_111005,ep,ep_internal,False,,0,0,0,False,False,False,False,False,2025-11-24T11:22:26.909293,2025-11-24T11:22:26.909293,43.732,41.577,,trigger,61003.4653356481,2025-11-24T11:10:05+00:00,741.909293,source_id_timestamp_ep,0.269216666696593,provisional
EP-251129_031423,ep,ep_internal,False,,0,0,0,False,False,False,False,False,2025-11-29T03:20:02.492245,2025-11-29T03:20:02.492245,224.294,79.301,,trigger,61008.1349884259,2025-11-29T03:14:23+00:00,339.492245,source_id_timestamp_ep,0.269216666696593,provisional
EP-251129_110716,ep,ep_internal,False,,0,0,0,False,False,False,False,False,2025-11-29T11:19:13.509786,2025-11-29T11:19:13.509786,50.164,41.495,,trigger,61008.4633796296,2025-11-29T11:07:16+00:00,717.509786,source_id_timestamp_ep,0.269216666696593,provisional
EP-251130_110750,ep,ep_internal,False,,0,0,0,False,False,False,False,False,2025-11-30T11:21:31.544391,2025-11-30T11:21:31.544391,101.041,27.394,,trigger,61009.4637731481,2025-11-30T11:07:50+00:00,821.544391,source_id_timestamp_ep,0.269216666696593,provisional
EP-251202_014915,ep,ep_internal,False,,0,0,0,False,False,False,False,False,2025-12-02T02:03:23.123030,2025-12-02T02:03:23.123030,122.121,40.6,,trigger,61011.0758680556,2025-12-02T01:49:15+00:00,848.12303,source_id_timestamp_ep,0.269216666696593,provisional
EP-251207_091914,ep,ep_internal,False,,0,0,0,False,False,False,False,False,2025-12-07T09:25:27.794141,2025-12-07T09:25:27.794141,77.511,-4.463,,trigger,61016.3883564815,2025-12-07T09:19:14+00:00,373.794141,source_id_timestamp_ep,0.269216666696593,provisional
EP-251212_061252,ep,ep_internal,False,,0,0,0,False,False,False,False,False,2025-12-12T11:08:39.578305,2025-12-12T11:08:39.578305,134.041,-23.279,,trigger,61021.2589351852,2025-12-12T06:12:52+00:00,17747.578305,source_id_timestamp_ep,0.269216666696593,provisional
EP-251214_072023,ep,ep_internal,False,,0,0,0,False,False,False,False,False,2025-12-14T07:49:02.465507,2025-12-14T07:49:02.465507,144.388,-22.872,,trigger,61023.3058217593,2025-12-14T07:20:23+00:00,1719.465507,source_id_timestamp_ep,0.269216666696593,provisional
EP-251220_082643,ep,ep_internal,False,,0,0,0,False,False,False,False,False,2025-12-21T04:08:32.995705,2025-12-21T04:08:32.995705,17.322,19.08,,trigger,61029.3518865741,2025-12-20T08:26:43+00:00,70909.995705,source_id_timestamp_ep,0.269216666696593,provisional
EP-251221_213906,ep,ep_internal,False,,0,0,0,False,False,False,False,False,2025-12-22T02:12:33.484655,2025-12-22T02:12:33.484655,104.531,23.374,,trigger,61030.9021527778,2025-12-21T21:39:06+00:00,16407.484655,source_id_timestamp_ep,0.269216666696593,provisional
EP-251222_103515,ep,ep_internal,False,,0,0,0,False,False,False,False,False,2025-12-23T00:52:35.199407,2025-12-23T00:52:35.199407,53.206,-8.929,,trigger,61031.4411458333,2025-12-22T10:35:15+00:00,51440.199407,source_id_timestamp_ep,0.269216666696593,provisional
EP-251222_151806,ep,ep_internal,False,,0,0,0,False,False,False,False,False,2025-12-23T01:10:49.367998,2025-12-23T01:10:49.367998,62.519,-1.506,,trigger,61031.6375694444,2025-12-22T15:18:06+00:00,35563.367998,source_id_timestamp_ep,0.269216666696593,provisional
EP-251226_025514,ep,ep_internal,False,,0,0,0,False,False,False,False,False,2025-12-26T02:59:53.953726,2025-12-26T02:59:53.953726,197.515,47.744,,trigger,61035.1216898148,2025-12-26T02:55:14+00:00,279.953726,source_id_timestamp_ep,0.269216666696593,provisional
EP-251227_163702,ep,ep_internal,False,,0,0,0,False,False,False,False,False,2025-12-27T16:43:46.011968,2025-12-27T16:43:46.011968,176.825,66.729,,trigger,61036.6923842593,2025-12-27T16:37:02+00:00,404.011968,source_id_timestamp_ep,0.269216666696593,provisional
EP-251229_195850,ep,ep_internal,False,,0,0,0,False,False,False,False,False,2025-12-29T20:09:20.070446,2025-12-29T20:09:20.070446,124.103,37.224,,trigger,61038.8325231482,2025-12-29T19:58:50+00:00,630.070446,source_id_timestamp_ep,0.269216666696593,provisional
EP-251230_012221,ep,ep_internal,False,,0,0,0,False,False,False,False,False,2025-12-30T01:28:40.589422,2025-12-30T01:28:40.589422,179.881,11.427,,trigger,61039.0571875,2025-12-30T01:22:21+00:00,379.589422,source_id_timestamp_ep,0.269216666696593,provisional
EP-260101_063542,ep,ep_internal,False,,0,0,0,False,False,False,False,False,2026-01-01T06:40:32.177995,2026-01-01T06:40:32.177995,46.057,39.41,,trigger,61041.2747916667,2026-01-01T06:35:42+00:00,290.177995,source_id_timestamp_ep,0.269216666696593,provisional
EP-260104_102544,ep,ep_internal,False,,0,0,0,False,False,False,False,False,2026-01-05T03:47:49.149508,2026-01-05T03:47:49.149508,178.531,16.486,,trigger,61044.434537037,2026-01-04T10:25:44+00:00,62525.149508,source_id_timestamp_ep,0.269216666696593,provisional
EP-260105_055030,ep,ep_internal,False,,0,0,0,False,False,False,False,False,2026-01-05T05:55:07.689790,2026-01-05T05:55:07.689790,181.036,22.723,,trigger,61045.2434027778,2026-01-05T05:50:30+00:00,277.68979,source_id_timestamp_ep,0.269216666696593,provisional
EP-260105_184736,ep,ep_internal,False,,0,0,0,False,False,False,False,False,2026-01-05T19:33:57.588343,2026-01-05T19:33:57.588343,158.387,17.616,,trigger,61045.7830555556,2026-01-05T18:47:36+00:00,2781.588343,source_id_timestamp_ep,0.269216666696593,provisional
EP-260107_101247,ep,ep_internal,False,,0,0,0,False,False,False,False,False,2026-01-07T10:19:04.493930,2026-01-07T10:19:04.493930,127.753,40.186,,trigger,61047.4255439815,2026-01-07T10:12:47+00:00,377.49393,source_id_timestamp_ep,0.269216666696593,provisional
EP-260110_115823,ep,ep_internal,False,,0,0,0,False,False,False,False,False,2026-01-10T12:18:06.106588,2026-01-10T12:18:06.106588,199.406,65.845,,trigger,61050.4988773148,2026-01-10T11:58:23+00:00,1183.106588,source_id_timestamp_ep,0.269216666696593,provisional
EP-260112_180957,ep,ep_internal,False,,0,0,0,False,False,False,False,False,2026-01-12T18:15:36.731243,2026-01-12T18:15:36.731243,141.203,30.73,,trigger,61052.7569097222,2026-01-12T18:09:57+00:00,339.731243,source_id_timestamp_ep,0.269216666696593,provisional
EP-260122_000014,ep,ep_internal,False,,0,0,0,False,False,False,False,False,2026-01-22T00:05:38.373363,2026-01-22T00:05:38.373363,156.496,-41.087,,trigger,61062.000162037,2026-01-22T00:00:14+00:00,324.373363,source_id_timestamp_ep,0.269216666696593,provisional
EP-260126_042501,ep,ep_internal,False,,0,0,0,False,False,False,False,False,2026-01-26T13:17:26.018927,2026-01-26T13:17:26.018927,103.737,37.699,,trigger,61066.1840393518,2026-01-26T04:25:01+00:00,31945.018927,source_id_timestamp_ep,0.269216666696593,provisional
EP-260128_031738,ep,ep_internal,False,,0,0,0,False,False,False,False,False,2026-01-28T03:23:01.542599,2026-01-28T03:23:01.542599,154.46,-38.095,,trigger,61068.1372453704,2026-01-28T03:17:38+00:00,323.542599,source_id_timestamp_ep,0.269216666696593,provisional
EP-260128_233959,ep,ep_internal,False,,0,0,0,False,False,False,False,False,2026-01-28T23:46:13.401147,2026-01-28T23:46:13.401147,128.303,-10.281,,trigger,61068.986099537,2026-01-28T23:39:59+00:00,374.401147,source_id_timestamp_ep,0.269216666696593,provisional
EP-260131_033125,ep,ep_internal,False,,0,0,0,False,False,False,False,False,2026-01-31T04:21:56.351940,2026-01-31T04:21:56.351940,149.921,-3.291,,trigger,61071.1468171296,2026-01-31T03:31:25+00:00,3031.35194,source_id_timestamp_ep,0.269216666696593,provisional
EP-260210_102301,ep,ep_internal,False,,0,0,0,False,False,False,False,False,2026-02-10T10:26:59.883438,2026-02-10T10:26:59.883438,169.84,45.408,,trigger,61081.432650463,2026-02-10T10:23:01+00:00,238.883438,source_id_timestamp_ep,0.269216666696593,provisional
EP-260213_195840,ep,ep_internal,False,,0,0,0,False,False,False,False,False,2026-02-13T20:05:14.320033,2026-02-13T20:05:14.320033,167.008,3.965,,trigger,61084.8324074074,2026-02-13T19:58:40+00:00,394.320033,source_id_timestamp_ep,0.269216666696593,provisional
EP-260214_203804,ep,ep_internal,False,,0,0,0,False,False,False,False,False,2026-02-14T20:42:19.218037,2026-02-14T20:42:19.218037,201.25,-29.04,,trigger,61085.8597685185,2026-02-14T20:38:04+00:00,255.218037,source_id_timestamp_ep,0.269216666696593,provisional
EP-260214_220412,ep,ep_internal,False,,0,0,0,False,False,False,False,False,2026-02-15T01:24:11.443205,2026-02-15T01:24:11.443205,191.26,23.857,,trigger,61085.9195833333,2026-02-14T22:04:12+00:00,11999.443205,source_id_timestamp_ep,0.269216666696593,provisional
EP-260217_214606,ep,ep_internal,False,,0,0,0,False,False,False,False,False,2026-02-17T21:53:47.325559,2026-02-17T21:53:47.325559,139.974,30.863,,trigger,61088.9070138889,2026-02-17T21:46:06+00:00,461.325559,source_id_timestamp_ep,0.269216666696593,provisional
EP-260221_082856,ep,ep_internal,False,,0,0,0,False,False,False,False,False,2026-02-21T08:41:15.533721,2026-02-21T08:41:15.533721,166.254,38.209,,trigger,61092.3534259259,2026-02-21T08:28:56+00:00,739.533721,source_id_timestamp_ep,0.269216666696593,provisional
EP-260221_114315,ep,ep_internal,False,,0,0,0,False,False,False,False,False,2026-02-21T12:22:07.700343,2026-02-21T12:22:07.700343,178.749,-20.978,,trigger,61092.4883680556,2026-02-21T11:43:15+00:00,2332.700343,source_id_timestamp_ep,0.269216666696593,provisional
EP-260225_033322,ep,ep_internal,False,,0,0,0,False,False,False,False,False,2026-02-25T03:38:45.043863,2026-02-25T03:38:45.043863,185.134,12.435,,trigger,61096.1481712963,2026-02-25T03:33:22+00:00,323.043863,source_id_timestamp_ep,0.269216666696593,provisional
EP-260226_135000,ep,ep_internal,False,,0,0,0,False,False,False,False,False,2026-02-26T13:56:39.802440,2026-02-26T13:56:39.802440,190.202,19.917,,trigger,61097.5763888889,2026-02-26T13:50:00+00:00,399.80244,source_id_timestamp_ep,0.269216666696593,provisional
EP-260227_201230,ep,ep_internal,False,,0,0,0,False,False,False,False,False,2026-02-27T20:17:08.730451,2026-02-27T20:17:08.730451,223.1,-11.386,,trigger,61098.8420138889,2026-02-27T20:12:30+00:00,278.730451,source_id_timestamp_ep,0.269216666696593,provisional
EP-260302_235259,ep,ep_internal,False,,0,0,0,False,False,False,False,False,2026-03-02T23:57:08.498440,2026-03-02T23:57:08.498440,133.015,-66.007,,trigger,61101.9951273148,2026-03-02T23:52:59+00:00,249.49844,source_id_timestamp_ep,0.269216666696593,provisional
EP-260306_012921,ep,ep_internal,False,,0,0,0,False,False,False,False,False,2026-03-06T01:35:48.351218,2026-03-06T01:35:48.351218,145.955,15.685,,trigger,61105.0620486111,2026-03-06T01:29:21+00:00,387.351218,source_id_timestamp_ep,0.269216666696593,provisional
EP-260312_075514,ep,ep_internal,False,,0,0,0,False,False,False,False,False,2026-03-12T08:10:42.013274,2026-03-12T08:10:42.013274,207.557,13.474,,trigger,61111.3300231481,2026-03-12T07:55:14+00:00,928.013274,source_id_timestamp_ep,0.269216666696593,provisional
EP-260314_225136,ep,ep_internal,False,,0,0,0,False,False,False,False,False,2026-03-14T22:59:37.910794,2026-03-14T22:59:37.910794,211.845,-23.445,,trigger,61113.9525,2026-03-14T22:51:36+00:00,481.910794,source_id_timestamp_ep,0.269216666696593,provisional
EP-260316_203313,ep,ep_internal,False,,0,0,0,False,False,False,False,False,2026-03-16T13:22:28.212083,2026-03-16T13:22:28.212083,226.984,27.445,,trigger,61115.856400463,2026-03-16T20:33:13+00:00,-25844.787917,source_id_timestamp_ep,0.269216666696593,provisional
EP-260320_023339,ep,ep_internal,False,,0,0,0,False,False,False,False,False,2026-03-20T02:38:50.805374,2026-03-20T02:38:50.805374,112.762,46.026,,trigger,61119.1067013889,2026-03-20T02:33:39+00:00,311.805374,source_id_timestamp_ep,0.269216666696593,provisional
EP-260321_123019,ep,ep_internal,False,,0,0,0,False,False,False,False,False,2026-03-21T12:36:15.678536,2026-03-21T12:36:15.678536,149.894,0.397,,trigger,61120.5210532407,2026-03-21T12:30:19+00:00,356.678536,source_id_timestamp_ep,0.269216666696593,provisional
EP-260322_234738,ep,ep_internal,False,,0,0,0,False,False,False,False,False,2026-03-22T23:55:46.491351,2026-03-22T23:55:46.491351,239.299,27.812,,trigger,61121.991412037,2026-03-22T23:47:38+00:00,488.491351,source_id_timestamp_ep,0.269216666696593,provisional
EP-260324_045146,ep,ep_internal,False,,0,0,0,False,False,False,False,False,2026-03-24T05:17:11.573982,2026-03-24T05:17:11.573982,219.401,-43.047,,trigger,61123.2026157407,2026-03-24T04:51:46+00:00,1525.573982,source_id_timestamp_ep,0.269216666696593,provisional
EP-260326_220159,ep,ep_internal,False,,0,0,0,False,False,False,False,False,2026-03-26T22:06:36.963786,2026-03-26T22:06:36.963786,221.738,-46.226,,trigger,61125.9180439815,2026-03-26T22:01:59+00:00,277.963786,source_id_timestamp_ep,0.269216666696593,provisional
EP-260327_055441,ep,ep_internal,False,,0,0,0,False,False,False,False,False,2026-03-27T06:03:18.100068,2026-03-27T06:03:18.100068,215.371,42.13,,trigger,61126.2463078704,2026-03-27T05:54:41+00:00,517.100068,source_id_timestamp_ep,0.269216666696593,provisional
EP-260329_033040,ep,ep_internal,False,,0,0,0,False,False,False,False,False,2026-03-29T10:23:12.489572,2026-03-29T10:23:12.489572,5.338,82.52,,trigger,61128.1462962963,2026-03-29T03:30:40+00:00,24752.489572,source_id_timestamp_ep,0.269216666696593,provisional
EP-260329_103600,ep,ep_internal,False,,0,0,0,False,False,False,False,False,2026-03-29T10:41:53.671937,2026-03-29T10:41:53.671937,181.309,4.362,,trigger,61128.4416666667,2026-03-29T10:36:00+00:00,353.671937,source_id_timestamp_ep,0.269216666696593,provisional
EP-260402_103041,ep,ep_internal,False,,0,0,0,False,False,False,False,False,2026-04-02T11:30:12.312549,2026-04-02T11:30:12.312549,170.994,63.604,,trigger,61132.437974537,2026-04-02T10:30:41+00:00,3571.312549,source_id_timestamp_ep,0.269216666696593,provisional
EP-260403_102910,ep,ep_internal,False,,0,0,0,False,False,False,False,False,2026-04-03T11:06:04.974437,2026-04-03T11:06:04.974437,219.157,-25.507,,trigger,61133.4369212963,2026-04-03T10:29:10+00:00,2214.974437,source_id_timestamp_ep,0.269216666696593,provisional
EP-260404_051939,ep,ep_internal,False,,0,0,0,False,False,False,False,False,2026-04-04T05:24:38.597506,2026-04-04T05:24:38.597506,144.355,9.431,,trigger,61134.2219791667,2026-04-04T05:19:39+00:00,299.597506,source_id_timestamp_ep,0.269216666696593,provisional
EP-260405_033559,ep,ep_internal,False,,0,0,0,False,False,False,False,False,2026-04-05T09:51:12.340094,2026-04-05T09:51:12.340094,184.422,-20.156,,trigger,61135.1499884259,2026-04-05T03:35:59+00:00,22513.340094,source_id_timestamp_ep,0.269216666696593,provisional
EP-260405_120149,ep,ep_internal,False,,0,0,0,False,False,False,False,False,2026-04-05T12:08:35.580491,2026-04-05T12:08:35.580491,212.754,7.86,,trigger,61135.5012615741,2026-04-05T12:01:49+00:00,406.580491,source_id_timestamp_ep,0.269216666696593,provisional
EP-260405_223825,ep,ep_internal,False,,0,0,0,False,False,False,False,False,2026-04-05T22:43:17.540297,2026-04-05T22:43:17.540297,133.181,22.507,,trigger,61135.9433449074,2026-04-05T22:38:25+00:00,292.540297,source_id_timestamp_ep,0.269216666696593,provisional
EP-260409_001821,ep,ep_internal,False,,0,0,0,False,False,False,False,False,2026-04-09T00:56:17.223799,2026-04-09T00:56:17.223799,172.895,-9.348,,trigger,61139.0127430556,2026-04-09T00:18:21+00:00,2276.223799,source_id_timestamp_ep,0.269216666696593,provisional
EP-260409_114512,ep,ep_internal,False,,0,0,0,False,False,False,False,False,2026-04-09T11:50:59.293897,2026-04-09T11:50:59.293897,184.664,-6.146,,trigger,61139.4897222222,2026-04-09T11:45:12+00:00,347.293897,source_id_timestamp_ep,0.269216666696593,provisional
EP-260410_112759,ep,ep_internal,False,,0,0,0,False,False,False,False,False,2026-04-10T12:04:27.471213,2026-04-10T12:04:27.471213,166.582,45.017,,trigger,61140.4777662037,2026-04-10T11:27:59+00:00,2188.471213,source_id_timestamp_ep,0.269216666696593,provisional
EP-260413_045540,ep,ep_internal,False,,0,0,0,False,False,False,False,False,2026-04-13T05:03:09.439059,2026-04-13T05:03:09.439059,173.242,-15.523,,trigger,61143.2053240741,2026-04-13T04:55:40+00:00,449.439059,source_id_timestamp_ep,0.269216666696593,provisional
EP-260414_051310,ep,ep_internal,False,,0,0,0,False,False,False,False,False,2026-04-14T05:34:01.951126,2026-04-14T05:34:01.951126,238.247,44.964,,trigger,61144.2174768519,2026-04-14T05:13:10+00:00,1251.951126,source_id_timestamp_ep,0.269216666696593,provisional
EP-260416_052932,ep,ep_internal,False,,0,0,0,False,False,False,False,False,2026-04-16T05:36:00.466531,2026-04-16T05:36:00.466531,198.836,31.59,,trigger,61146.2288425926,2026-04-16T05:29:32+00:00,388.466531,source_id_timestamp_ep,0.269216666696593,provisional
EP-260419_072236,ep,ep_internal,False,,0,0,0,False,False,False,False,False,2026-04-19T08:10:46.558894,2026-04-19T08:10:46.558894,278.192,18.404,,trigger,61149.3073611111,2026-04-19T07:22:36+00:00,2890.558894,source_id_timestamp_ep,0.269216666696593,provisional
EP-260420_092513,ep,ep_internal,False,,0,0,0,False,False,False,False,False,2026-04-20T09:32:59.678796,2026-04-20T09:32:59.678796,210.692,-24.501,,trigger,61150.3925115741,2026-04-20T09:25:13+00:00,466.678796,source_id_timestamp_ep,0.269216666696593,provisional
EP-260421_205203,ep,ep_internal,False,,0,0,0,False,False,False,False,False,2026-04-22T08:11:39.704145,2026-04-22T08:11:39.704145,223.768,-11.374,,trigger,61151.8694791667,2026-04-21T20:52:03+00:00,40776.704145,source_id_timestamp_ep,0.269216666696593,provisional
EP-260430_023248,ep,ep_internal,False,,0,0,0,False,False,False,False,False,2026-04-30T02:38:28.487909,2026-04-30T02:38:28.487909,178.334,-10.202,,trigger,61160.1061111111,2026-04-30T02:32:48+00:00,340.487909,source_id_timestamp_ep,0.269216666696593,provisional
EP-260502_060852,ep,ep_internal,False,,0,0,0,False,False,False,False,False,2026-05-02T06:22:53.044332,2026-05-02T06:22:53.044332,272.19,-76.244,,trigger,61162.2561574074,2026-05-02T06:08:52+00:00,841.044332,source_id_timestamp_ep,0.269216666696593,provisional
EP-260502_183546,ep,ep_internal,False,,0,0,0,False,False,False,False,False,2026-05-02T18:40:51.450216,2026-05-02T18:40:51.450216,167.335,-77.502,,trigger,61162.774837963,2026-05-02T18:35:46+00:00,305.450216,source_id_timestamp_ep,0.269216666696593,provisional
EP-260507_134758,ep,ep_internal,False,,0,0,0,False,False,False,False,False,2026-05-07T13:54:35.521150,2026-05-07T13:54:35.521150,206.895,-22.243,,trigger,61167.5749768519,2026-05-07T13:47:58+00:00,397.52115,source_id_timestamp_ep,0.269216666696593,provisional
EP-260513_084549,ep,ep_internal,False,,0,0,0,False,False,False,False,False,2026-05-13T08:51:58.641373,2026-05-13T08:51:58.641373,202.316,11.321,,trigger,61173.365150463,2026-05-13T08:45:49+00:00,369.641373,source_id_timestamp_ep,0.269216666696593,provisional
EP-260514_085831,ep,ep_internal,False,,0,0,0,False,False,False,False,False,2026-05-14T09:12:01.066358,2026-05-14T09:12:01.066358,161.137,-43.555,,trigger,61174.3739699074,2026-05-14T08:58:31+00:00,810.066358,source_id_timestamp_ep,0.269216666696593,provisional
EP-260514_165606,ep,ep_internal,False,,0,0,0,False,False,False,False,False,2026-05-15T02:44:36.991147,2026-05-15T02:44:36.991147,214.297,49.365,,trigger,61174.705625,2026-05-14T16:56:06+00:00,35310.991147,source_id_timestamp_ep,0.269216666696593,provisional
EP-260526_094334,ep,ep_internal,False,,0,0,0,False,False,False,False,False,2026-05-27T05:30:19.133226,2026-05-27T05:30:19.133226,236.063,-23.772,,trigger,61186.4052546296,2026-05-26T09:43:34+00:00,71205.133226,source_id_timestamp_ep,0.269216666696593,provisional
EP-260526_173756,ep,ep_internal,False,,0,0,0,False,False,False,False,False,2026-05-26T17:59:33.138748,2026-05-26T17:59:33.138748,197.688,53.373,,trigger,61186.7346759259,2026-05-26T17:37:56+00:00,1297.138748,source_id_timestamp_ep,0.269216666696593,provisional
EP-260527_061954,ep,ep_internal,False,,0,0,0,False,False,False,False,False,2026-05-28T02:22:53.574323,2026-05-28T02:22:53.574323,193.105,1.453,,trigger,61187.2638194444,2026-05-27T06:19:54+00:00,72179.574323,source_id_timestamp_ep,0.269216666696593,provisional
EP-260527_192736,ep,ep_internal,False,,0,0,0,False,False,False,False,False,2026-05-27T19:34:48.706862,2026-05-27T19:34:48.706862,234.99,-37.645,,trigger,61187.8108333333,2026-05-27T19:27:36+00:00,432.706862,source_id_timestamp_ep,0.269216666696593,provisional
EP-260528_013016,ep,ep_internal,False,,0,0,0,False,False,False,False,False,2026-05-28T01:36:48.509288,2026-05-28T01:36:48.509288,192.381,-34.149,,trigger,61188.0626851852,2026-05-28T01:30:16+00:00,392.509288,source_id_timestamp_ep,0.269216666696593,provisional
EP-260531_172211,ep,ep_internal,False,,0,0,0,False,False,False,False,False,2026-05-31T17:27:52.799914,2026-05-31T17:27:52.799914,208.604,-8.174,,trigger,61191.7237384259,2026-05-31T17:22:11+00:00,341.799914,source_id_timestamp_ep,0.269216666696593,provisional
EP-260601_191322,ep,ep_internal,False,,0,0,0,False,False,False,False,False,2026-06-02T08:11:01.890649,2026-06-02T08:11:01.890649,257.633,-1.637,,trigger,61192.8009490741,2026-06-01T19:13:22+00:00,46659.890649,source_id_timestamp_ep,0.269216666696593,provisional
EP-260602_081120,ep,ep_internal,False,,0,0,0,False,False,False,False,False,2026-06-02T15:23:29.515756,2026-06-02T15:23:29.515756,240.886,50.563,,trigger,61193.3412037037,2026-06-02T08:11:20+00:00,25929.515756,source_id_timestamp_ep,0.269216666696593,provisional
EP-260602_090739,ep,ep_internal,False,,0,0,0,False,False,False,False,False,2026-06-03T02:02:48.570632,2026-06-03T02:02:48.570632,134.673,-75.673,,trigger,61193.3803125,2026-06-02T09:07:39+00:00,60909.570632,source_id_timestamp_ep,0.269216666696593,provisional
EP-260602_175403,ep,ep_internal,False,,0,0,0,False,False,False,False,False,2026-06-03T01:54:57.614189,2026-06-03T01:54:57.614189,273.487,7.595,,trigger,61193.7458680556,2026-06-02T17:54:03+00:00,28854.614189,source_id_timestamp_ep,0.269216666696593,provisional
EP-260602_211325,ep,ep_internal,False,,0,0,0,False,False,False,False,False,2026-06-03T07:46:38.787614,2026-06-03T07:46:38.787614,267.958,18.173,,trigger,61193.8843171296,2026-06-02T21:13:25+00:00,37993.787614,source_id_timestamp_ep,0.269216666696593,provisional
EP-260605_025145,ep,ep_internal,False,,0,0,0,False,False,False,False,False,2026-06-05T02:57:14.159387,2026-06-05T02:57:14.159387,210.603,33.012,,trigger,61196.1192708333,2026-06-05T02:51:45+00:00,329.159387,source_id_timestamp_ep,0.269216666696593,provisional
EP-260605_093100,ep,ep_internal,False,,0,0,0,False,False,False,False,False,2026-06-06T03:15:10.037641,2026-06-06T03:15:10.037641,273.36,-40.392,,trigger,61196.3965277778,2026-06-05T09:31:00+00:00,63850.037641,source_id_timestamp_ep,0.269216666696593,provisional
EP-260605_124212,ep,ep_internal,False,,0,0,0,False,False,False,False,False,2026-06-05T12:49:24.566926,2026-06-05T12:49:24.566926,217.9,0.779,,trigger,61196.5293055556,2026-06-05T12:42:12+00:00,432.566926,source_id_timestamp_ep,0.269216666696593,provisional
EP-260610_044921,ep,ep_internal,False,,0,0,0,False,False,False,False,False,2026-06-10T04:55:49.661152,2026-06-10T04:55:49.661152,306.104,-25.926,,trigger,61201.2009375,2026-06-10T04:49:21+00:00,388.661152,source_id_timestamp_ep,0.269216666696593,provisional
EP-260610_124817,ep,ep_internal,False,,0,0,0,False,False,False,False,False,2026-06-10T12:54:11.960686,2026-06-10T12:54:11.960686,267.601,46.534,,trigger,61201.5335300926,2026-06-10T12:48:17+00:00,354.960686,source_id_timestamp_ep,0.269216666696593,provisional
EP-260611_122533,ep,ep_internal,False,,0,0,0,False,False,False,False,False,2026-06-11T12:30:39.614564,2026-06-11T12:30:39.614564,204.772,20.032,,trigger,61202.5177430555,2026-06-11T12:25:33+00:00,306.614564,source_id_timestamp_ep,0.269216666696593,provisional
EP-260614_055829,ep,ep_internal,False,,0,0,0,False,False,False,False,False,2026-06-14T06:05:40.835346,2026-06-14T06:05:40.835346,266.645,-8.707,,trigger,61205.2489467593,2026-06-14T05:58:29+00:00,431.835346,source_id_timestamp_ep,0.269216666696593,provisional
EP-260616_032802,ep,ep_internal,False,,0,0,0,False,False,False,False,False,2026-06-16T04:03:26.291338,2026-06-16T04:03:26.291338,264.121,-67.907,,trigger,61207.1444675926,2026-06-16T03:28:02+00:00,2124.291338,source_id_timestamp_ep,0.269216666696593,provisional
EP-260616_142204,ep,ep_internal,False,,0,0,0,False,False,False,False,False,2026-06-16T14:28:22.066172,2026-06-16T14:28:22.066172,336.501,-15.296,,trigger,61207.5986574074,2026-06-16T14:22:04+00:00,378.066172,source_id_timestamp_ep,0.269216666696593,provisional
EP-260620_052407,ep,ep_internal,False,,0,0,0,False,False,False,False,False,2026-06-20T06:04:02.245531,2026-06-20T06:04:02.245531,280.764,-40.961,,trigger,61211.2250810185,2026-06-20T05:24:07+00:00,2395.245531,source_id_timestamp_ep,0.269216666696593,provisional
EP-260623_025405,ep|grandma_base,ep_internal,True,61214.11975694,2,24,0,True,False,True,True,False,2026-06-23T02:59:22.577551,2026-07-14T11:22:09.570674,328.2698,12.7939,0.703,trigger,61214.1208912037,2026-06-23T02:54:05+00:00,317.577551,skyportal_t0,0,phase_matching
EP-260626_052504,ep,ep_internal,False,,0,0,0,False,False,False,False,False,2026-06-26T16:46:30.383993,2026-06-26T16:46:30.383993,277.442,21.24,,trigger,61217.2257407407,2026-06-26T05:25:04+00:00,40886.383993,source_id_timestamp_ep,0.269216666696593,provisional
EP-260627_175304,ep,ep_internal,False,,0,0,0,False,False,False,False,False,2026-06-27T17:59:48.223921,2026-06-27T17:59:48.223921,295.545,-20.763,,trigger,61218.7451851852,2026-06-27T17:53:04+00:00,404.223921,source_id_timestamp_ep,0.269216666696593,provisional
EP-260703_031357,ep,ep_internal,True,61224.1346875,0,1,0,True,False,True,False,False,2026-07-03T12:26:37.098817,2026-07-17T15:20:52.902601,274.727,-62.6,,trigger,61224.1346875,2026-07-03T03:13:57+00:00,33160.098817,skyportal_t0,0,phase_matching
EP-260706_094455,ep,ep_internal,False,,0,0,0,False,False,False,False,False,2026-07-06T09:52:19.960996,2026-07-06T09:52:19.960996,293.029,-11.297,,trigger,61227.4061921296,2026-07-06T09:44:55+00:00,444.960996,source_id_timestamp_ep,0.269216666696593,provisional
EP-260706_200119,ep,ep_internal,False,,0,0,0,False,False,False,False,False,2026-07-06T20:52:19.499499,2026-07-06T20:52:19.499499,347.726,-24.904,,trigger,61227.8342476852,2026-07-06T20:01:19+00:00,3060.499499,source_id_timestamp_ep,0.269216666696593,provisional
EP-260706_215841,ep,ep_internal,False,,0,0,0,False,False,False,False,False,2026-07-06T22:16:52.797656,2026-07-06T22:16:52.797656,239.679,23.873,,trigger,61227.9157523148,2026-07-06T21:58:41+00:00,1091.797656,source_id_timestamp_ep,0.269216666696593,provisional
EP-260707_164524,ep,ep_internal,True,61228.69819444,0,6,0,True,False,True,True,False,2026-07-07T17:52:02.194562,2026-07-17T15:06:19.444508,306.233,-26.589,,trigger,61228.6981944444,2026-07-07T16:45:24+00:00,3998.194562,skyportal_t0,0,phase_matching
EP-260710_180701,ep,ep_internal,False,,0,0,0,False,False,False,False,False,2026-07-10T18:55:21.774405,2026-07-10T18:55:21.774405,325.672,43.574,,trigger,61231.7548726852,2026-07-10T18:07:01+00:00,2900.774405,source_id_timestamp_ep,0.269216666696593,provisional
EP-FXT241130,ep|grandma_base,other,False,,0,1,1,False,False,True,True,False,2024-12-03T20:23:45.330773,2024-12-03T20:35:54.634990,53.9974,-26.5025,,first_detection,,,,created_at_dossier_only,17572.1447668205,dossier_only
EP240305a,ep|grandma_base,other,False,,0,0,2,False,False,True,True,False,2024-03-08T07:19:07.530158,2024-03-08T07:19:49.521757,122.921,-54.652,,first_detection,,,,created_at_dossier_only,17572.1447668205,dossier_only
EP2404021A,ep|grandma_base,other,False,,0,0,2,False,False,True,False,False,2024-04-01T11:42:13.520798,2024-04-01T11:42:13.520798,169.414,-20.042,,first_detection,,,,created_at_dossier_only,17572.1447668205,dossier_only
EP240426a,ep|grandma_base,other,False,,0,0,1,False,False,True,True,False,2024-04-26T11:45:57.271346,2024-04-26T12:41:45.787903,121.8567,-29.4609,,first_detection,,,,created_at_dossier_only,17572.1447668205,dossier_only
EP240426b,ep|grandma_base,other,False,,0,1,1,False,False,True,True,False,2024-04-27T06:44:31.126238,2024-04-27T06:52:15.609035,173.787,-40.741,,first_detection,,,,created_at_dossier_only,17572.1447668205,dossier_only
EP240618a,ep|grandma_base,other,False,,0,0,2,False,False,True,True,False,2024-06-18T14:12:09.348241,2024-06-19T12:32:33.129024,281.648,23.833,,first_detection,,,,created_at_dossier_only,17572.1447668205,dossier_only
EP240625a,ep|grandma_base,other,False,,0,0,1,False,False,True,True,False,2024-06-25T16:06:08.420857,2024-06-25T16:06:08.420857,310.7308,-15.976,,first_detection,,,,created_at_dossier_only,17572.1447668205,dossier_only
EP240626A,ep|grandma_base,other,False,,0,0,1,False,False,True,True,False,2024-06-26T08:15:33.145078,2024-06-26T08:15:33.145078,263.023,-13.063,,first_detection,,,,created_at_dossier_only,17572.1447668205,dossier_only
EP240626A-FXT,ep|grandma_base,other,False,,0,0,1,False,False,True,True,False,2024-06-27T06:26:47.460022,2024-06-27T06:26:47.460022,263.0171,-13.049,,first_detection,,,,created_at_dossier_only,17572.1447668205,dossier_only
EP240702A,ep|grandma_base,other,False,,0,0,2,False,False,True,False,False,2024-07-02T09:40:24.184446,2024-07-02T09:40:24.184446,328.203,-38.98,,first_detection,,,,created_at_dossier_only,17572.1447668205,dossier_only
EP240708A-WXT,ep|grandma_base,other,False,,0,0,1,False,False,True,True,False,2024-07-09T13:37:28.483214,2024-07-09T13:37:28.483214,345.963,-22.84,,first_detection,,,,created_at_dossier_only,17572.1447668205,dossier_only
EP240714A-WXT,ep|grandma_base,other,False,,0,4,2,False,False,True,True,False,2024-07-14T18:11:42.470548,2024-07-18T14:46:08.090682,336.53320312499994,-15.249383497542453,,first_detection,,,,created_at_dossier_only,17572.1447668205,dossier_only
EP240801A,ep|grandma_base,other,False,,1,0,2,False,False,True,True,False,2024-08-01T12:21:49.060474,2026-06-19T08:35:24.301673,345.134,32.608,1.673,first_detection,,,,created_at_dossier_only,17572.1447668205,dossier_only
EP240918a,ep|grandma_base,other,False,,0,0,1,False,False,True,False,False,2024-09-18T14:42:00.704099,2024-09-18T14:42:00.704099,289.3937,46.1281,,first_detection,,,,created_at_dossier_only,17572.1447668205,dossier_only
EP241202b,ep|grandma_base,other,False,,0,0,1,False,False,False,False,False,2024-12-03T20:14:47.441329,2024-12-03T20:14:47.441329,45.302,2.441,,first_detection,,,,created_at_dossier_only,17572.1447668205,dossier_only
EP241206a,ep|grandma_base,other,False,,0,1,1,False,False,False,False,False,2024-12-07T14:58:59.624223,2024-12-07T14:59:52.953032,34.702,38.914,,first_detection,,,,created_at_dossier_only,17572.1447668205,dossier_only
EP241217a-FXT,ep|grandma_base,other,False,,0,0,1,False,False,True,False,False,2024-12-17T12:18:30.974095,2024-12-17T12:18:30.974095,46.9425,30.92941666666667,,first_detection,,,,created_at_dossier_only,17572.1447668205,dossier_only
EP250207b,ep|grandma_base,other,False,,1,1,1,False,False,True,False,False,2025-02-11T09:37:00.493954,2026-06-19T08:38:47.906817,167.511125,-7.87,0.082,first_detection,,,,created_at_dossier_only,17572.1447668205,dossier_only
EP250304a,ep|grandma_base,other,True,60738.0642,1,6,3,False,True,True,True,False,2025-03-04T18:21:51.957213,2025-03-23T09:16:28.804117,208.39408,-42.8046,0.2,first_detection,,,,skyportal_t0,0,phase_matching
EP250311a,ep|grandma_base,other,False,,0,1,0,False,False,False,False,False,2025-03-11T11:14:28.851549,2025-03-12T17:23:21.514339,224.691,-2.85,,first_detection,,,,created_at_dossier_only,17572.1447668205,dossier_only
EP250321a,ep|grandma_base,other,True,60755.25693287,1,0,3,False,False,True,True,False,2025-03-21T09:21:09.100819,2025-03-21T22:09:00.703429,179.26258333333334,17.362761111111112,4.368,first_detection,,,,skyportal_t0,0,phase_matching
EP250702a,ep|grandma_base,other,True,60858.58055556,0,31,1,True,False,True,True,False,2025-07-03T05:10:54.093219,2025-07-15T14:14:38.284269,284.689875,-7.873944,,first_detection,,,,skyportal_t0,0,phase_matching
EP260618a,ep|grandma_base,other,True,61209.35747685,0,4,0,True,False,True,True,False,2026-06-19T09:08:00.208472,2026-06-19T19:15:27.387881,276.676,23.849,,first_detection,,,,skyportal_t0,0,phase_matching
GCN-250309_073605,gcn,gcn_internal,False,,0,0,0,False,False,False,False,False,2025-03-14T20:26:12.473049,2025-03-14T20:26:12.473049,211.0699,-10.73,,trigger,60743.316724537,2025-03-09T07:36:05+00:00,478207.473049,source_id_timestamp_gcn,0.363888808933552,phase_matching
GCN-250330_230938,gcn,gcn_internal,False,,0,0,0,False,False,False,False,False,2025-03-30T23:28:29.714349,2025-03-30T23:28:29.714349,261.8859,-30.7987,,trigger,60764.9650231482,2025-03-30T23:09:38+00:00,1131.714349,source_id_timestamp_gcn,0.363888808933552,phase_matching
GCN-250331_002951,gcn|grandma_base,gcn_internal,False,,0,1,1,False,False,False,False,False,2025-03-31T00:46:38.360951,2025-03-31T04:40:34.240653,289.235,-18.527,,trigger,60765.0207291667,2025-03-31T00:29:51+00:00,1007.360951,source_id_timestamp_gcn,0.363888808933552,phase_matching
GCN-250408_141104,gcn,gcn_internal,False,,0,0,0,False,False,False,False,False,2025-04-08T14:32:25.879648,2025-04-08T14:32:25.879648,266.5227,-29.5149,,trigger,60773.5910185185,2025-04-08T14:11:04+00:00,1281.879648,source_id_timestamp_gcn,0.363888808933552,phase_matching
GCN-250409_081532,gcn,gcn_internal,False,,0,0,0,False,False,False,False,False,2025-04-09T08:20:26.674308,2025-04-09T08:20:26.674308,254.4558,35.3445,,trigger,60774.3441203704,2025-04-09T08:15:32+00:00,294.674308,source_id_timestamp_gcn,0.363888808933552,phase_matching
GCN-250409_095033,gcn,gcn_internal,False,,0,0,0,False,False,False,False,False,2025-04-09T10:02:48.921430,2025-04-09T10:02:48.921430,254.4513,35.3402,,trigger,60774.4101041667,2025-04-09T09:50:33+00:00,735.92143,source_id_timestamp_gcn,0.363888808933552,phase_matching
GCN-250411_172752,gcn,gcn_internal,False,,0,0,0,False,False,False,False,False,2025-04-11T17:48:22.846499,2025-04-11T17:48:22.846499,266.7647,-28.8869,,trigger,60776.7276851852,2025-04-11T17:27:52+00:00,1230.846499,source_id_timestamp_gcn,0.363888808933552,phase_matching
GCN-250412_173002,gcn,gcn_internal,False,,0,0,0,False,False,False,False,False,2025-04-12T17:48:30.692326,2025-04-12T17:48:30.692326,248.5051,-47.3933,,trigger,60777.7291898148,2025-04-12T17:30:02+00:00,1108.692326,source_id_timestamp_gcn,0.363888808933552,phase_matching
GCN-250419_053638,gcn,gcn_internal,False,,0,0,0,False,False,False,False,False,2025-04-19T05:52:23.299395,2025-04-19T05:52:23.299395,248.507,-47.3929,,trigger,60784.2337731481,2025-04-19T05:36:38+00:00,945.299395,source_id_timestamp_gcn,0.363888808933552,phase_matching
GCN-250420_112607,gcn,gcn_internal,False,,0,0,0,False,False,False,False,False,2025-04-20T11:54:34.070944,2025-04-20T11:54:34.070944,248.5069,-47.3912,,trigger,60785.4764699074,2025-04-20T11:26:07+00:00,1707.070944,source_id_timestamp_gcn,0.363888808933552,phase_matching
GCN-250420_113418,gcn,gcn_internal,False,,0,0,0,False,False,False,False,False,2025-04-20T11:48:23.205823,2025-04-20T11:48:23.205823,247.8088,-47.8055,,trigger,60785.4821527778,2025-04-20T11:34:18+00:00,845.205823,source_id_timestamp_gcn,0.363888808933552,phase_matching
GCN-250420_121131,gcn,gcn_internal,False,,0,0,0,False,False,False,False,False,2025-04-20T12:22:42.109067,2025-04-20T12:22:42.109067,248.507,-47.3912,,trigger,60785.5079976852,2025-04-20T12:11:31+00:00,671.109067,source_id_timestamp_gcn,0.363888808933552,phase_matching
GCN-250420_124153,gcn,gcn_internal,False,,0,0,0,False,False,False,False,False,2025-04-20T12:54:22.365006,2025-04-20T12:54:22.365006,266.9817,-26.5611,,trigger,60785.5290856481,2025-04-20T12:41:53+00:00,749.365006,source_id_timestamp_gcn,0.363888808933552,phase_matching
GCN-250420_131115,gcn,gcn_internal,False,,0,0,0,False,False,False,False,False,2025-04-20T13:28:40.713538,2025-04-20T13:28:40.713538,248.507,-47.3913,,trigger,60785.5494791667,2025-04-20T13:11:15+00:00,1045.713538,source_id_timestamp_gcn,0.363888808933552,phase_matching
GCN-250427_094645,gcn,gcn_internal,False,,0,0,0,False,False,False,False,False,2025-04-27T10:02:45.346575,2025-04-27T10:02:45.346575,267.0201,-24.7791,,trigger,60792.4074652778,2025-04-27T09:46:45+00:00,960.346575,source_id_timestamp_gcn,0.363888808933552,phase_matching
GCN-250427_101120,gcn,gcn_internal,False,,0,0,0,False,False,False,False,False,2025-04-27T10:26:41.672005,2025-04-27T10:26:41.672005,247.8085,-47.8064,,trigger,60792.424537037,2025-04-27T10:11:20+00:00,921.672005,source_id_timestamp_gcn,0.363888808933552,phase_matching
GCN-250427_101749,gcn,gcn_internal,False,,0,0,0,False,False,False,False,False,2025-04-27T10:28:40.443680,2025-04-27T10:28:40.443680,262.9898,-33.8332,,trigger,60792.4290393518,2025-04-27T10:17:49+00:00,651.44368,source_id_timestamp_gcn,0.363888808933552,phase_matching
GCN-250427_114857,gcn,gcn_internal,False,,0,0,0,False,False,False,False,False,2025-04-27T11:56:36.009557,2025-04-27T11:56:36.009557,248.5066,-47.3921,,trigger,60792.4923263889,2025-04-27T11:48:57+00:00,459.009557,source_id_timestamp_gcn,0.363888808933552,phase_matching
GCN-250427_171247,gcn,gcn_internal,False,,0,0,0,False,False,False,False,False,2025-04-27T17:24:38.225591,2025-04-27T17:24:38.225591,266.4167,-29.0076,,trigger,60792.7172106482,2025-04-27T17:12:47+00:00,711.225591,source_id_timestamp_gcn,0.363888808933552,phase_matching
GCN-250430_101339,gcn,gcn_internal,False,,0,0,0,False,False,False,False,False,2025-04-30T10:36:30.839687,2025-04-30T10:36:30.839687,255.2048,-41.6546,,trigger,60795.4261458333,2025-04-30T10:13:39+00:00,1371.839687,source_id_timestamp_gcn,0.363888808933552,phase_matching
GCN-250430_123843,gcn,gcn_internal,False,,0,0,0,False,False,False,False,False,2025-04-30T12:50:35.387787,2025-04-30T12:50:35.387787,255.4335,-40.8591,,trigger,60795.5268865741,2025-04-30T12:38:43+00:00,712.387787,source_id_timestamp_gcn,0.363888808933552,phase_matching
GCN-250430_125547,gcn,gcn_internal,False,,0,0,0,False,False,False,False,False,2025-04-30T13:08:38.580289,2025-04-30T13:08:38.580289,266.7598,-28.8837,,trigger,60795.5387384259,2025-04-30T12:55:47+00:00,771.580289,source_id_timestamp_gcn,0.363888808933552,phase_matching
GCN-250430_134456,gcn,gcn_internal,False,,0,0,0,False,False,False,False,False,2025-04-30T13:59:51.203040,2025-04-30T13:59:51.203040,262.9897,-33.8349,,trigger,60795.5728703704,2025-04-30T13:44:56+00:00,895.20304,source_id_timestamp_gcn,0.363888808933552,phase_matching
GCN-250430_181411,gcn,gcn_internal,False,,0,0,0,False,False,False,False,False,2025-04-30T18:32:43.863432,2025-04-30T18:32:43.863432,261.8887,-30.8021,,trigger,60795.759849537,2025-04-30T18:14:11+00:00,1112.863432,source_id_timestamp_gcn,0.363888808933552,phase_matching
GCN-250510_073526,gcn,gcn_internal,False,,0,0,0,False,False,False,False,False,2025-05-10T07:50:39.011120,2025-05-10T07:50:39.011120,279.9848,5.0423,,trigger,60805.3162731481,2025-05-10T07:35:26+00:00,913.01112,source_id_timestamp_gcn,0.363888808933552,phase_matching
GCN-250517_162353,gcn,gcn_internal,False,,0,0,0,False,False,False,False,False,2025-05-17T17:02:31.656314,2025-05-17T17:02:31.656314,250.2318,-53.7514,,trigger,60812.6832523148,2025-05-17T16:23:53+00:00,2318.656314,source_id_timestamp_gcn,0.363888808933552,phase_matching
GCN-250517_174253,gcn,gcn_internal,False,,0,0,0,False,False,False,False,False,2025-05-17T17:54:46.971687,2025-05-17T17:54:46.971687,257.2274,-44.1023,,trigger,60812.7381134259,2025-05-17T17:42:53+00:00,713.971687,source_id_timestamp_gcn,0.363888808933552,phase_matching
GCN-250520_081641,gcn,gcn_internal,False,,0,0,0,False,False,False,False,False,2025-05-20T08:24:32.911624,2025-05-20T08:24:32.911624,170.3101,-60.6217,,trigger,60815.3449189815,2025-05-20T08:16:41+00:00,471.911624,source_id_timestamp_gcn,0.363888808933552,phase_matching
GCN-250520_082959,gcn,gcn_internal,False,,0,0,0,False,False,False,False,False,2025-05-20T08:40:27.818354,2025-05-20T08:40:27.818354,170.31,-60.6215,,trigger,60815.3541550926,2025-05-20T08:29:59+00:00,628.818354,source_id_timestamp_gcn,0.363888808933552,phase_matching
GCN-250520_100736,gcn,gcn_internal,False,,0,0,0,False,False,False,False,False,2025-05-20T10:20:27.342569,2025-05-20T10:20:27.342569,170.3131,-60.6237,,trigger,60815.4219444444,2025-05-20T10:07:36+00:00,771.342569,source_id_timestamp_gcn,0.363888808933552,phase_matching
GCN-250523_175459,gcn,gcn_internal,False,,0,0,0,False,False,False,False,False,2025-05-23T18:08:44.462604,2025-05-23T18:08:44.462604,262.9912,-33.8348,,trigger,60818.7465162037,2025-05-23T17:54:59+00:00,825.462604,source_id_timestamp_gcn,0.363888808933552,phase_matching
GCN-250523_204701,gcn,gcn_internal,False,,0,0,0,False,False,False,False,False,2025-05-23T20:58:25.591003,2025-05-23T20:58:25.591003,279.9923,5.0396,,trigger,60818.8659837963,2025-05-23T20:47:01+00:00,684.591003,source_id_timestamp_gcn,0.363888808933552,phase_matching
GCN-250524_161512,gcn,gcn_internal,False,,0,0,0,False,False,False,False,False,2025-05-24T16:47:02.225554,2025-05-24T16:47:02.225554,261.8875,-30.8021,,trigger,60819.6772222222,2025-05-24T16:15:12+00:00,1910.225554,source_id_timestamp_gcn,0.363888808933552,phase_matching
GCN-250601_050129,gcn,gcn_internal,False,,0,0,0,False,False,False,False,False,2025-06-01T05:16:35.142315,2025-06-01T05:16:35.142315,19.2711,-73.4434,,trigger,60827.2093634259,2025-06-01T05:01:29+00:00,906.142315,source_id_timestamp_gcn,0.363888808933552,phase_matching
GCN-250605_075434,gcn,gcn_internal,False,,0,0,0,False,False,False,False,False,2025-06-05T08:06:39.163782,2025-06-05T08:06:39.163782,19.2246,-73.4355,,trigger,60831.3295601852,2025-06-05T07:54:34+00:00,725.163782,source_id_timestamp_gcn,0.363888808933552,phase_matching
GCN-250608_081339,gcn,gcn_internal,False,,0,0,0,False,False,False,False,False,2025-06-08T08:24:30.255581,2025-06-08T08:24:30.255581,277.3675,-23.7969,,trigger,60834.3428125,2025-06-08T08:13:39+00:00,651.255581,source_id_timestamp_gcn,0.363888808933552,phase_matching
GCN-250608_102910,gcn,gcn_internal,False,,0,0,0,False,False,False,False,False,2025-06-08T10:50:30.173291,2025-06-08T10:50:30.173291,262.9915,-33.8335,,trigger,60834.4369212963,2025-06-08T10:29:10+00:00,1280.173291,source_id_timestamp_gcn,0.363888808933552,phase_matching
GCN-250610_132130,gcn,gcn_internal,False,,0,0,0,False,False,False,False,False,2025-06-10T13:30:35.100928,2025-06-10T13:30:35.100928,170.3065,-60.6276,,trigger,60836.5565972222,2025-06-10T13:21:30+00:00,545.100928,source_id_timestamp_gcn,0.363888808933552,phase_matching
GCN-250610_135618,gcn,gcn_internal,False,,0,0,0,False,False,False,False,False,2025-06-10T14:08:27.774480,2025-06-10T14:08:27.774480,170.3067,-60.6276,,trigger,60836.5807638889,2025-06-10T13:56:18+00:00,729.77448,source_id_timestamp_gcn,0.363888808933552,phase_matching
GCN-250610_163319,gcn,gcn_internal,False,,0,0,0,False,False,False,False,False,2025-06-10T16:35:34.025546,2025-06-10T16:35:34.025546,200.1744,31.1751,,trigger,60836.6898032407,2025-06-10T16:33:19+00:00,135.025546,source_id_timestamp_gcn,0.363888808933552,phase_matching
GCN-250612_102702,gcn,gcn_internal,False,,0,0,0,False,False,False,False,False,2025-06-12T10:51:40.545215,2025-06-12T10:51:40.545215,197.9873,0.0214,,trigger,60838.4354398148,2025-06-12T10:27:02+00:00,1478.545215,source_id_timestamp_gcn,0.363888808933552,phase_matching
GCN-250612_203439,gcn,gcn_internal,False,,0,0,0,False,False,False,False,False,2025-06-12T21:07:40.586906,2025-06-12T21:07:40.586906,198.5028,54.6582,,trigger,60838.8573958333,2025-06-12T20:34:39+00:00,1981.586906,source_id_timestamp_gcn,0.363888808933552,phase_matching
GCN-250616_085118,gcn,gcn_internal,False,,0,0,0,False,False,False,False,False,2025-06-16T09:02:39.488406,2025-06-16T09:02:39.488406,279.9921,5.0365,,trigger,60842.3689583333,2025-06-16T08:51:18+00:00,681.488406,source_id_timestamp_gcn,0.363888808933552,phase_matching
GCN-250621_054001,gcn,gcn_internal,False,,0,0,0,False,False,False,False,False,2025-06-21T06:00:48.969568,2025-06-21T06:00:48.969568,247.0266,-49.2134,,trigger,60847.2361226852,2025-06-21T05:40:01+00:00,1247.969568,source_id_timestamp_gcn,0.363888808933552,phase_matching
GCN-250621_070035,gcn,gcn_internal,False,,0,0,0,False,False,False,False,False,2025-06-21T07:14:43.286159,2025-06-21T07:14:43.286159,279.9884,5.0362,,trigger,60847.2920717593,2025-06-21T07:00:35+00:00,848.286159,source_id_timestamp_gcn,0.363888808933552,phase_matching
GCN-250621_100657,gcn,gcn_internal,False,,0,0,0,False,False,False,False,False,2025-06-21T10:30:49.316443,2025-06-21T10:30:49.316443,266.9828,-26.5637,,trigger,60847.4214930555,2025-06-21T10:06:57+00:00,1432.316443,source_id_timestamp_gcn,0.363888808933552,phase_matching
GCN-250622_125237,gcn,gcn_internal,False,,0,0,0,False,False,False,False,False,2025-06-22T13:40:58.883937,2025-06-22T13:40:58.883937,298.9267,32.097,,trigger,60848.5365393518,2025-06-22T12:52:37+00:00,2901.883937,source_id_timestamp_gcn,0.363888808933552,phase_matching
GCN-250625_201915,gcn,gcn_internal,False,,0,0,0,False,False,False,False,False,2025-06-25T20:58:50.363500,2025-06-25T20:58:50.363500,277.3676,-23.797,,trigger,60851.8467013889,2025-06-25T20:19:15+00:00,2375.3635,source_id_timestamp_gcn,0.363888808933552,phase_matching
GCN-250625_222753,gcn,gcn_internal,False,,0,0,0,False,False,False,False,False,2025-06-25T23:07:51.772102,2025-06-25T23:07:51.772102,266.5216,-29.5147,,trigger,60851.9360300926,2025-06-25T22:27:53+00:00,2398.772102,source_id_timestamp_gcn,0.363888808933552,phase_matching
GCN-250626_001530,gcn,gcn_internal,False,,0,0,0,False,False,False,False,False,2025-06-26T00:55:58.613784,2025-06-26T00:55:58.613784,279.9897,5.036,,trigger,60852.0107638889,2025-06-26T00:15:30+00:00,2428.613784,source_id_timestamp_gcn,0.363888808933552,phase_matching
GCN-250627_021021,gcn,gcn_internal,False,,0,0,0,False,False,False,False,False,2025-06-27T02:26:56.992735,2025-06-27T02:26:56.992735,279.9905,5.0359,,trigger,60853.0905208333,2025-06-27T02:10:21+00:00,995.992735,source_id_timestamp_gcn,0.363888808933552,phase_matching
GCN-250628_162910,gcn|grandma_base,gcn_internal,True,60854.68715278,0,12,1,True,False,True,True,False,2025-06-28T16:51:55.885482,2025-07-03T13:06:51.191910,333.1563,-45.5663,,trigger,60854.6869212963,2025-06-28T16:29:10+00:00,1365.885482,skyportal_t0,0,phase_matching
GCN-250703_002257,gcn,gcn_internal,False,,0,0,0,False,False,False,False,False,2025-07-03T00:32:29.127111,2025-07-03T00:32:29.127111,257.2293,-44.1046,,trigger,60859.0159375,2025-07-03T00:22:57+00:00,572.127111,source_id_timestamp_gcn,0.363888808933552,phase_matching
GCN-250704_034220,gcn|grandma_base,gcn_internal,True,60860.1544213,1,16,1,True,False,True,True,False,2025-07-04T04:02:40.974882,2025-07-11T13:34:09.119412,17.19427,-17.32398,1.091,trigger,60860.1543981481,2025-07-04T03:42:20+00:00,1220.974882,skyportal_t0,0,phase_matching
GCN-250706_170544,gcn|grandma_base,gcn_internal,True,60862.69817854,3,26,1,True,False,True,True,False,2025-07-06T17:13:25.779748,2025-09-02T13:10:03.998932,41.23097,-50.06116,0.942,trigger,60862.7123148148,2025-07-06T17:05:44+00:00,461.779748,skyportal_t0,0,phase_matching
GCN-250712_085210,gcn,gcn_internal,False,,0,0,0,False,False,False,False,False,2025-07-12T09:08:33.491565,2025-07-12T09:08:33.491565,19.2671,-73.4419,,trigger,60868.3695601852,2025-07-12T08:52:10+00:00,983.491565,source_id_timestamp_gcn,0.363888808933552,phase_matching
GCN-250712_102700,gcn,gcn_internal,False,,0,0,0,False,False,False,False,False,2025-07-12T10:48:33.987841,2025-07-12T10:48:33.987841,19.2714,-73.4433,,trigger,60868.4354166667,2025-07-12T10:27:00+00:00,1293.987841,source_id_timestamp_gcn,0.363888808933552,phase_matching
GCN-250713_010237,gcn,gcn_internal,False,,0,0,0,False,False,False,False,False,2025-07-13T01:18:35.050431,2025-07-13T01:18:35.050431,19.272,-73.4411,,trigger,60869.0434837963,2025-07-13T01:02:37+00:00,958.050431,source_id_timestamp_gcn,0.363888808933552,phase_matching
GCN-250713_122342,gcn,gcn_internal,False,,0,0,0,False,False,False,False,False,2025-07-13T12:32:30.164162,2025-07-13T12:32:30.164162,186.6583,-62.7721,,trigger,60869.5164583333,2025-07-13T12:23:42+00:00,528.164162,source_id_timestamp_gcn,0.363888808933552,phase_matching
GCN-250713_123356,gcn,gcn_internal,False,,0,0,0,False,False,False,False,False,2025-07-13T14:15:57.984750,2025-07-13T14:15:57.984750,201.3042,-29.0132,,trigger,60869.5235648148,2025-07-13T12:33:56+00:00,6121.98475,source_id_timestamp_gcn,0.363888808933552,phase_matching
GCN-250713_140745,gcn,gcn_internal,False,,0,0,0,False,False,False,False,False,2025-07-13T14:20:24.837807,2025-07-13T14:20:24.837807,279.9883,5.0347,,trigger,60869.5887152778,2025-07-13T14:07:45+00:00,759.837807,source_id_timestamp_gcn,0.363888808933552,phase_matching
GCN-250713_170602,gcn|grandma_base,gcn_internal,True,60869.71280093,0,5,1,True,False,True,True,False,2025-07-13T17:08:10.281001,2025-07-15T09:23:32.437150,336.9666,38.7686,,trigger,60869.7125231481,2025-07-13T17:06:02+00:00,128.281001,skyportal_t0,0,phase_matching
GCN-250714_141140,gcn,gcn_internal,False,,0,0,0,False,False,False,False,False,2025-07-14T14:24:29.454736,2025-07-14T14:24:29.454736,19.2892,-73.4499,,trigger,60870.5914351852,2025-07-14T14:11:40+00:00,769.454736,source_id_timestamp_gcn,0.363888808933552,phase_matching
GCN-250716_172913,gcn,gcn_internal,False,,0,0,0,False,False,False,False,False,2025-07-16T17:56:24.633250,2025-07-16T17:56:24.633250,298.9252,32.0967,,trigger,60872.7286226852,2025-07-16T17:29:13+00:00,1631.63325,source_id_timestamp_gcn,0.363888808933552,phase_matching
GCN-250716_175631,gcn,gcn_internal,False,,0,0,0,False,False,False,False,False,2025-07-16T18:16:26.559620,2025-07-17T08:59:12.383041,298.9251,32.0966,,trigger,60872.7475810185,2025-07-16T17:56:31+00:00,1195.55962,source_id_timestamp_gcn,0.363888808933552,phase_matching
GCN-250717_130545,gcn,gcn_internal,False,,0,0,0,False,False,False,False,False,2025-07-17T13:12:27.600454,2025-07-17T13:12:27.600454,279.9898,5.0345,,trigger,60873.5456597222,2025-07-17T13:05:45+00:00,402.600454,source_id_timestamp_gcn,0.363888808933552,phase_matching
GCN-250718_012056,gcn,gcn_internal,False,,0,0,0,False,False,False,False,False,2025-07-18T01:35:31.576510,2025-07-18T01:35:31.576510,264.7465,-44.4499,,trigger,60874.0562037037,2025-07-18T01:20:56+00:00,875.57651,source_id_timestamp_gcn,0.363888808933552,phase_matching
GCN-250720_054939,gcn,gcn_internal,False,,0,0,0,False,False,False,False,False,2025-07-20T06:02:30.501849,2025-07-20T06:02:30.501849,264.7365,-44.45,,trigger,60876.2428125,2025-07-20T05:49:39+00:00,771.501849,source_id_timestamp_gcn,0.363888808933552,phase_matching
GCN-250720_060034,gcn,gcn_internal,False,,0,0,0,False,False,False,False,False,2025-07-20T06:12:25.086773,2025-07-20T06:12:25.086773,266.9783,-26.5638,,trigger,60876.2503935185,2025-07-20T06:00:34+00:00,711.086773,source_id_timestamp_gcn,0.363888808933552,phase_matching
GCN-250720_060846,gcn,gcn_internal,False,,0,0,0,False,False,False,False,False,2025-07-20T06:24:24.081843,2025-07-20T06:24:24.081843,255.9809,-37.8438,,trigger,60876.256087963,2025-07-20T06:08:46+00:00,938.081843,source_id_timestamp_gcn,0.363888808933552,phase_matching
GCN-250720_165531,gcn,gcn_internal,False,,0,0,0,False,False,False,False,False,2025-07-20T17:22:30.759059,2025-07-20T17:22:30.759059,254.4535,35.3359,,trigger,60876.7052199074,2025-07-20T16:55:31+00:00,1619.759059,source_id_timestamp_gcn,0.363888808933552,phase_matching
GCN-250721_005320,gcn,gcn_internal,False,,0,0,0,False,False,False,False,False,2025-07-21T01:08:39.791896,2025-07-21T01:08:39.791896,254.4574,35.3425,,trigger,60877.037037037,2025-07-21T00:53:20+00:00,919.791896,source_id_timestamp_gcn,0.363888808933552,phase_matching
GCN-250721_025629,gcn,gcn_internal,False,,0,0,0,False,False,False,False,False,2025-07-21T03:12:28.342665,2025-07-21T03:12:28.342665,298.9259,32.0963,,trigger,60877.1225578704,2025-07-21T02:56:29+00:00,959.342665,source_id_timestamp_gcn,0.363888808933552,phase_matching
GCN-250721_084640,gcn,gcn_internal,False,,0,0,0,False,False,False,False,False,2025-07-21T08:48:41.375609,2025-07-21T08:48:41.375609,299.4402,32.0816,,trigger,60877.3657407407,2025-07-21T08:46:40+00:00,121.375609,source_id_timestamp_gcn,0.363888808933552,phase_matching
GCN-250726_224905,gcn,gcn_internal,False,,0,0,0,False,False,False,False,False,2025-07-26T22:49:40.708617,2025-07-26T22:49:40.708617,251.779,-45.8709,,trigger,60882.9507523148,2025-07-26T22:49:05+00:00,35.708617,source_id_timestamp_gcn,0.363888808933552,phase_matching
GCN-250727_105339,gcn|grandma_base,gcn_internal,True,60883.45533565,0,1,0,True,False,True,True,False,2025-07-27T11:16:09.733526,2025-07-27T13:10:27.870147,355.799,-81.1275,,trigger,60883.4539236111,2025-07-27T10:53:39+00:00,1350.733526,skyportal_t0,0,phase_matching
GCN-250806_075754,gcn|grandma_base,gcn_internal,True,60893.33210648148,0,2,0,True,False,True,True,False,2025-08-06T07:58:58.836813,2026-06-17T08:32:11.862290,348.3068,1.3565,,trigger,60893.331875,2025-08-06T07:57:54+00:00,64.836813,skyportal_t0,0,phase_matching
GCN-250808_182347,gcn,gcn_internal,False,,0,0,0,False,False,False,False,False,2025-08-08T18:43:01.890906,2025-08-08T18:43:01.890906,63.5525,-22.9041,,trigger,60895.7665162037,2025-08-08T18:23:47+00:00,1154.890906,source_id_timestamp_gcn,0.363888808933552,phase_matching
GCN-250812_024503,gcn|grandma_base,gcn_internal,True,60899.115312,3,4,0,True,False,True,True,False,2025-08-12T03:20:32.953755,2025-08-13T18:40:07.361606,32.80715,-43.16367,2.571,trigger,60899.1146180556,2025-08-12T02:45:03+00:00,2129.953755,skyportal_t0,0,phase_matching
GCN-250813_225115,gcn|grandma_base,gcn_internal,True,60900.95222222,1,6,1,True,False,True,True,False,2025-08-13T22:52:36.061184,2025-08-20T14:50:11.865922,336.750625,12.4623611,1.752,trigger,60900.9522569445,2025-08-13T22:51:15+00:00,81.061184,skyportal_t0,0,phase_matching
GCN-250816_153110,gcn|grandma_base,gcn_internal,True,60903.64664352,0,3,1,True,False,True,True,False,2025-08-16T15:36:05.654425,2025-08-17T05:27:27.229709,78.5143,-39.9822,,trigger,60903.6466435185,2025-08-16T15:31:10+00:00,295.654425,skyportal_t0,0,phase_matching
GCN-250818_032908,gcn|grandma_base,gcn_internal,True,60905.14523148,1,25,1,True,True,True,True,False,2025-08-18T03:54:08.845835,2026-07-09T12:41:07.819009,46.0561792,-3.1252056,1.216,trigger,60905.1452314815,2025-08-18T03:29:08+00:00,1500.845835,skyportal_t0,0,phase_matching
GCN-250831_092853,gcn,gcn_internal,False,,0,0,0,False,False,False,False,False,2025-08-31T09:34:20.309069,2025-08-31T09:34:20.309069,24.8358,-17.9289,,trigger,60918.3950578704,2025-08-31T09:28:53+00:00,327.309069,source_id_timestamp_gcn,0.363888808933552,phase_matching
GCN-250901_181418,gcn,gcn_internal,False,,0,0,0,False,False,False,False,False,2025-09-01T18:15:33.955168,2025-09-01T18:15:33.955168,356.095,-15.6712,,trigger,60919.7599305556,2025-09-01T18:14:18+00:00,75.955168,source_id_timestamp_gcn,0.363888808933552,phase_matching
GCN-250903_172443,gcn,gcn_internal,False,,0,0,0,False,False,False,False,False,2025-09-03T17:26:00.127765,2025-09-03T17:26:00.127765,356.9689,-75.946,,trigger,60921.7254976852,2025-09-03T17:24:43+00:00,77.127765,source_id_timestamp_gcn,0.363888808933552,phase_matching
GCN-250906_211826,gcn,gcn_internal,False,,0,0,0,False,False,False,False,False,2025-09-06T21:20:13.703336,2025-09-06T21:20:13.703336,78.5709,-40.0751,,trigger,60924.8878009259,2025-09-06T21:18:26+00:00,107.703336,source_id_timestamp_gcn,0.363888808933552,phase_matching
GCN-250910_031610,gcn|grandma_base,gcn_internal,True,60928.13645833,1,2,0,True,False,True,False,False,2025-09-10T03:29:33.342116,2026-06-19T08:52:25.159741,39.7665,-39.6758,0.592,trigger,60928.1362268518,2025-09-10T03:16:10+00:00,803.342116,skyportal_t0,0,phase_matching
GCN-250912_210623,gcn,gcn_internal,False,,0,0,0,False,False,False,False,False,2025-09-12T21:07:24.813367,2025-09-12T21:07:24.813367,14.9413,11.1209,,trigger,60930.8794328704,2025-09-12T21:06:23+00:00,61.813367,source_id_timestamp_gcn,0.363888808933552,phase_matching
GCN-250915_215614,gcn,gcn_internal,False,,0,0,0,False,False,False,False,False,2025-09-15T22:23:48.023314,2025-09-15T22:23:48.023314,30.1388,-8.7614,,trigger,60933.9140509259,2025-09-15T21:56:14+00:00,1654.023314,source_id_timestamp_gcn,0.363888808933552,phase_matching
GCN-251002_201449,gcn,gcn_internal,True,60950.843680555554,1,0,0,False,False,True,True,False,2025-10-02T20:15:53.840110,2025-10-03T12:58:53.669737,13.9059,-5.544,2.178,trigger,60950.8436226852,2025-10-02T20:14:49+00:00,64.84011,skyportal_t0,0,phase_matching
GCN-251007_194308,gcn,gcn_internal,False,,0,0,0,False,False,False,False,False,2025-10-07T20:08:30.334274,2025-10-07T20:08:30.334274,102.0109,-10.3025,,trigger,60955.8216203704,2025-10-07T19:43:08+00:00,1522.334274,source_id_timestamp_gcn,0.363888808933552,phase_matching
GCN-251008_223551,gcn|grandma_base,gcn_internal,False,,0,0,0,False,False,False,False,False,2025-10-08T23:20:46.238858,2025-10-08T23:20:46.238858,32.6247,-37.3832,,trigger,60956.9415625,2025-10-08T22:35:51+00:00,2695.238858,source_id_timestamp_gcn,0.363888808933552,phase_matching
GCN-251010_034753,gcn,gcn_internal,False,,0,0,0,False,False,False,False,False,2025-10-10T03:54:39.661083,2025-10-10T03:54:39.661083,311.3214,-31.4119,,trigger,60958.1582523148,2025-10-10T03:47:53+00:00,406.661083,source_id_timestamp_gcn,0.363888808933552,phase_matching
GCN-251013_173943,gcn|grandma_base,gcn_internal,True,60961.73590278,2,36,0,True,True,True,True,False,2025-10-13T17:41:11.808597,2026-07-13T23:14:29.165888,345.8356,-0.2103,0.572,trigger,60961.7359143519,2025-10-13T17:39:43+00:00,88.808597,skyportal_t0,0,phase_matching
GCN-251014_183312,gcn,gcn_internal,False,,0,0,0,False,False,False,False,False,2025-10-15T01:34:42.889510,2025-10-15T01:34:42.889510,2.81,2.91,,trigger,60962.7730555556,2025-10-14T18:33:12+00:00,25290.88951,source_id_timestamp_gcn,0.363888808933552,phase_matching
GCN-251016_145920,gcn,gcn_internal,False,,0,0,0,False,False,False,False,False,2025-10-16T15:15:03.068750,2025-10-16T15:15:03.068750,266.2066,-39.5767,,trigger,60964.624537037,2025-10-16T14:59:20+00:00,943.06875,source_id_timestamp_gcn,0.363888808933552,phase_matching
GCN-251025_093239,gcn,gcn_internal,False,,0,0,0,False,False,False,False,False,2025-10-25T09:58:47.214165,2025-10-25T09:58:47.214165,357.5739,27.0002,,trigger,60973.3976736111,2025-10-25T09:32:39+00:00,1568.214165,source_id_timestamp_gcn,0.363888808933552,phase_matching
GCN-251025_142400,gcn|grandma_base,gcn_internal,True,60973.60005787037,1,1,0,True,False,True,True,False,2025-10-25T14:25:39.266628,2026-01-15T08:00:36.825006,29.53123,30.30405,2.003,trigger,60973.6,2025-10-25T14:24:00+00:00,99.266628,skyportal_t0,0,phase_matching
GCN-251026_082647,gcn,gcn_internal,False,,0,0,0,False,False,False,False,False,2025-10-26T08:49:49.360956,2025-10-26T08:49:49.360956,72.5819,51.8058,,trigger,60974.3519328704,2025-10-26T08:26:47+00:00,1382.360956,source_id_timestamp_gcn,0.363888808933552,phase_matching
GCN-251027_093757,gcn|grandma_base,gcn_internal,False,,0,0,0,False,False,False,False,False,2025-10-27T10:08:28.407185,2025-10-27T10:08:28.407185,95.186,11.6869,,trigger,60975.4013541667,2025-10-27T09:37:57+00:00,1831.407185,source_id_timestamp_gcn,0.363888808933552,phase_matching
GCN-251103_044627,gcn,gcn_internal,True,60982.19885417,1,9,0,True,False,False,True,False,2025-11-03T04:47:44.539705,2026-03-10T10:57:10.465038,146.8392083,16.1227222,0.76,trigger,60982.1989236111,2025-11-03T04:46:27+00:00,77.539705,skyportal_t0,0,phase_matching
GCN-251104_173058,gcn|grandma_base,gcn_internal,False,,0,0,0,False,False,False,False,False,2025-11-04T17:45:04.786813,2025-11-04T17:45:04.786813,26.4929,15.2928,,trigger,60983.729837963,2025-11-04T17:30:58+00:00,846.786813,source_id_timestamp_gcn,0.363888808933552,phase_matching
GCN-251106_195622,gcn|grandma_base,gcn_internal,True,60985.83032407,0,1,0,True,False,True,True,False,2025-11-06T20:21:40.537589,2025-11-07T07:49:03.121229,234.462239,63.367568,,trigger,60985.8308101852,2025-11-06T19:56:22+00:00,1518.537589,skyportal_t0,0,phase_matching
GCN-251111_051016,gcn|grandma_base,gcn_internal,True,60990.21548611111,0,1,0,True,False,True,True,False,2025-11-11T05:20:12.991718,2026-06-17T08:33:57.577911,32.36177,5.227888,,trigger,60990.215462963,2025-11-11T05:10:16+00:00,596.991718,skyportal_t0,0,phase_matching
GCN-251116_153226,gcn,gcn_internal,False,,0,0,0,False,False,False,False,False,2025-11-16T15:57:45.002655,2025-11-16T15:57:45.002655,18.832,-41.0854,,trigger,60995.6475231481,2025-11-16T15:32:26+00:00,1519.002655,source_id_timestamp_gcn,0.363888808933552,phase_matching
GCN-251116_155716,gcn,gcn_internal,False,,0,0,0,False,False,False,False,False,2025-11-16T16:02:03.835085,2025-11-16T16:02:03.835085,335.2652,-10.4105,,trigger,60995.6647685185,2025-11-16T15:57:16+00:00,287.835085,source_id_timestamp_gcn,0.363888808933552,phase_matching
GCN-251119_084724,gcn,gcn_internal,False,,0,0,0,False,False,False,False,False,2025-11-19T08:57:40.441418,2025-11-19T08:57:40.441418,84.4289,12.2431,,trigger,60998.36625,2025-11-19T08:47:24+00:00,616.441418,source_id_timestamp_gcn,0.363888808933552,phase_matching
GCN-251122_135202,gcn|grandma_base,gcn_internal,True,61001.57778935185,1,3,0,True,False,True,True,False,2025-11-22T13:59:01.936336,2026-06-19T09:20:56.499320,38.0213,14.1289,1.765,trigger,61001.5778009259,2025-11-22T13:52:02+00:00,419.936336,skyportal_t0,0,phase_matching
GCN-251129_023125,gcn,gcn_internal,False,,0,0,0,False,False,False,False,False,2025-11-29T02:48:01.693434,2025-11-29T02:48:01.693434,224.538,79.4287,,trigger,61008.105150463,2025-11-29T02:31:25+00:00,996.693434,source_id_timestamp_gcn,0.363888808933552,phase_matching
GCN-251203_180926,gcn|grandma_base,gcn_internal,True,61012.75653935,0,1,1,True,False,True,False,False,2025-12-03T18:12:00.115314,2026-06-17T08:35:45.788747,18.4596,-0.0001,,trigger,61012.7565509259,2025-12-03T18:09:26+00:00,154.115314,skyportal_t0,0,phase_matching
GCN-251203_183345,gcn|grandma_base,gcn_internal,True,61012.7734375,0,6,0,True,False,True,True,False,2025-12-03T18:35:35.660758,2025-12-04T08:52:59.989097,51.7804,-7.31,,trigger,61012.7734375,2025-12-03T18:33:45+00:00,110.660758,skyportal_t0,0,phase_matching
GCN-251208_165021,gcn,gcn_internal,False,,0,0,0,False,False,False,False,False,2025-12-08T17:11:54.707750,2025-12-08T17:11:54.707750,337.5347,-0.3918,,trigger,61017.7016319444,2025-12-08T16:50:21+00:00,1293.70775,source_id_timestamp_gcn,0.363888808933552,phase_matching
GCN-251222_170549,gcn|grandma_base,gcn_internal,True,61031.712337963,3,26,1,True,False,True,True,False,2025-12-22T17:07:15.167270,2026-03-24T15:06:29.875361,77.1948558,-7.2135525,3.171,trigger,61031.7123726852,2025-12-22T17:05:49+00:00,86.16727,skyportal_t0,0,phase_matching
GCN-260102_040946,gcn|grandma_base,gcn_internal,True,61042.17344907,0,3,0,True,False,True,True,False,2026-01-02T04:11:33.007697,2026-01-02T06:33:09.815799,183.8803,48.2583,,trigger,61042.1734490741,2026-01-02T04:09:46+00:00,107.007697,skyportal_t0,0,phase_matching
GCN-260117_062859,gcn,gcn_internal,False,,0,0,0,False,False,False,False,False,2026-01-17T06:30:50.605633,2026-01-17T06:30:50.605633,170.1833,-61.9049,,trigger,61057.2701273148,2026-01-17T06:28:59+00:00,111.605633,source_id_timestamp_gcn,0.363888808933552,phase_matching
GCN-260117_194305,gcn|grandma_base,gcn_internal,True,61057.82181713,0,17,0,True,False,True,True,False,2026-01-17T20:12:49.628691,2026-06-04T13:16:50.316212,188.138564,43.912747,,trigger,61057.8215856481,2026-01-17T19:43:05+00:00,1784.628691,skyportal_t0,0,phase_matching
GCN-260118_112755,gcn,gcn_internal,False,,0,0,0,False,False,False,False,False,2026-01-18T11:29:41.947173,2026-01-18T11:29:41.947173,170.2301,-61.9093,,trigger,61058.4777199074,2026-01-18T11:27:55+00:00,106.947173,source_id_timestamp_gcn,0.363888808933552,phase_matching
GCN-260120_142251,gcn,gcn_internal,False,,0,0,0,False,False,False,False,False,2026-01-20T14:37:14.172477,2026-01-20T14:37:14.172477,210.3556,-64.1692,,trigger,61060.5992013889,2026-01-20T14:22:51+00:00,863.172477,source_id_timestamp_gcn,0.363888808933552,phase_matching
GCN-260203_140611,gcn,gcn_internal,False,,0,0,0,False,False,False,False,False,2026-02-04T12:53:22.752906,2026-07-10T09:07:53.373178,157.0407,10.2323,,trigger,61074.5876273148,2026-02-03T14:06:11+00:00,82031.752906,source_id_timestamp_gcn,0.363888808933552,phase_matching
GCN-260204_121250,gcn,gcn_internal,False,,0,0,0,False,False,False,False,False,2026-02-04T12:30:45.060411,2026-07-10T09:03:54.613166,169.5696,3.8676,,trigger,61075.508912037,2026-02-04T12:12:50+00:00,1075.060411,source_id_timestamp_gcn,0.363888808933552,phase_matching
GCN-260204_144829,gcn,gcn_internal,True,61075.6172338,0,3,0,True,False,True,True,False,2026-02-04T14:50:35.017665,2026-07-03T15:10:43.100526,205.106167,1.930114,,trigger,61075.6170023148,2026-02-04T14:48:29+00:00,126.017665,skyportal_t0,0,phase_matching
GCN-260211_192424,gcn,gcn_internal,True,61082.80871528,0,2,0,True,False,True,True,False,2026-02-11T19:26:20.854628,2026-07-03T14:10:08.126256,86.978758,-0.450528,,trigger,61082.8086111111,2026-02-11T19:24:24+00:00,116.854628,skyportal_t0,0,phase_matching
GCN-260218_045328,gcn,gcn_internal,True,61089.21895833,0,3,0,True,False,True,True,False,2026-02-18T06:15:04.044325,2026-07-03T11:36:54.965407,194.8408,27.9434,,trigger,61089.2037962963,2026-02-18T04:53:28+00:00,4896.044325,skyportal_t0,0,phase_matching
GCN-260225_085105,gcn,gcn_internal,True,61096.36892361,0,4,0,True,False,True,True,False,2026-02-25T08:52:36.008717,2026-07-03T10:53:50.933251,204.852333,44.580833,,trigger,61096.3688078704,2026-02-25T08:51:05+00:00,91.008717,skyportal_t0,0,phase_matching
GCN-260228_205535,gcn,gcn_internal,True,61099.87216435,0,4,0,True,False,True,True,False,2026-02-28T21:14:32.004650,2026-07-03T10:38:00.158854,237.8312,26.306,,trigger,61099.8719328704,2026-02-28T20:55:35+00:00,1137.00465,skyportal_t0,0,phase_matching
GCN-260303_060127,gcn|grandma_base,gcn_internal,True,61102.25123843,0,9,0,True,False,True,True,False,2026-03-03T06:40:47.513315,2026-06-03T19:40:35.181278,93.1877,41.1512,,trigger,61102.2510069444,2026-03-03T06:01:27+00:00,2360.513315,skyportal_t0,0,phase_matching
GCN-260304_093927,gcn,gcn_internal,True,61103.40618056,0,3,0,True,False,False,False,False,2026-03-04T10:04:13.159346,2026-07-02T15:36:29.637971,47.1221,40.9012,,trigger,61103.4023958333,2026-03-04T09:39:27+00:00,1486.159346,skyportal_t0,0,phase_matching
GCN-260307_134506,gcn,gcn_internal,True,61106.57321759,0,2,0,True,False,False,False,False,2026-03-07T13:46:53.567024,2026-07-02T14:42:20.640949,155.5129,-21.0067,,trigger,61106.5729861111,2026-03-07T13:45:06+00:00,107.567024,skyportal_t0,0,phase_matching
GCN-260321_181148,gcn|grandma_base,gcn_internal,True,61120.75842593,0,4,0,True,False,True,True,False,2026-03-21T18:14:32.325316,2026-07-02T13:53:25.254479,219.5736,31.6745,,trigger,61120.7581944444,2026-03-21T18:11:48+00:00,164.325316,skyportal_t0,0,phase_matching
GCN-260330_141932,gcn,gcn_internal,True,61129.5971875,0,3,0,True,False,True,True,False,2026-03-30T14:31:07.319737,2026-07-02T12:11:10.301625,252.637034,36.841008,,trigger,61129.5968981481,2026-03-30T14:19:32+00:00,695.319737,skyportal_t0,0,phase_matching
GCN-260402_103018,gcn,gcn_internal,True,61132.43769676,0,7,0,True,False,True,True,False,2026-04-02T10:36:54.349755,2026-07-02T11:40:42.540775,170.806,63.627,,trigger,61132.4377083333,2026-04-02T10:30:18+00:00,396.349755,skyportal_t0,0,phase_matching
GCN-260412_061349,gcn,gcn_internal,True,61142.25956019,0,6,0,True,False,False,False,False,2026-04-12T06:43:28.063248,2026-07-02T11:30:07.180850,79.9074,-44.5851,,trigger,61142.2595949074,2026-04-12T06:13:49+00:00,1779.063248,skyportal_t0,0,phase_matching
GCN-260421_041318,gcn|grandma_base,gcn_internal,True,61151.1759838,1,16,0,True,False,True,True,False,2026-04-21T04:28:20.039769,2026-07-08T13:48:25.523461,190.002,-17.74015,2.115,trigger,61151.1759027778,2026-04-21T04:13:18+00:00,902.039769,skyportal_t0,0,phase_matching
GCN-260504_093119,gcn|grandma_base,gcn_internal,True,61164.39674769,0,4,0,True,False,True,True,False,2026-05-04T09:40:23.812994,2026-06-30T10:22:11.466282,351.2451,-80.3291,,trigger,61164.3967476852,2026-05-04T09:31:19+00:00,544.812994,skyportal_t0,0,phase_matching
GCN-260504_210624,gcn,gcn_internal,False,,0,0,0,False,False,False,False,False,2026-05-04T21:31:56.358331,2026-05-04T21:31:56.358331,29.2394,-39.4564,,trigger,61164.8794444444,2026-05-04T21:06:24+00:00,1532.358331,source_id_timestamp_gcn,0.363888808933552,phase_matching
GCN-260509_215104,gcn|grandma_base,gcn_internal,True,61169.91052083,1,17,0,True,False,True,True,False,2026-05-09T21:52:25.897145,2026-05-27T15:43:35.020079,176.899834,0.288276,1.95,trigger,61169.910462963,2026-05-09T21:51:04+00:00,81.897145,skyportal_t0,0,phase_matching
GCN-260510_121915,gcn,gcn_internal,True,61170.51342593,0,13,0,True,False,True,True,False,2026-05-10T12:20:16.400509,2026-06-29T15:38:39.466280,173.2168,-34.5756,,trigger,61170.5133680556,2026-05-10T12:19:15+00:00,61.400509,skyportal_t0,0,phase_matching
GCN-260510_171342,gcn|grandma_base,gcn_internal,True,61170.71787037,1,20,0,True,False,True,True,False,2026-05-10T17:14:34.588504,2026-06-26T16:57:38.740910,157.9394,2.83763,0.89,trigger,61170.7178472222,2026-05-10T17:13:42+00:00,52.588504,skyportal_t0,0,phase_matching
GCN-260511_061333,gcn|grandma_base,gcn_internal,True,61171.25939815,0,44,0,True,False,True,True,False,2026-05-11T06:14:33.870191,2026-05-21T08:23:16.549092,197.8997,-33.8045,,trigger,61171.2594097222,2026-05-11T06:13:33+00:00,60.870191,skyportal_t0,0,phase_matching
GCN-260511_110100,gcn|grandma_base,gcn_internal,True,61171.45870023,2,20,0,True,False,True,True,False,2026-05-11T11:02:06.569618,2026-05-21T12:52:53.846990,192.57345,4.05512,2.006,trigger,61171.4590277778,2026-05-11T11:01:00+00:00,66.569618,skyportal_t0,0,phase_matching
GCN-260515_190819,gcn|grandma_base,gcn_internal,True,61175.79744213,1,18,1,True,False,True,True,False,2026-05-15T19:18:52.915214,2026-06-01T12:22:13.246273,227.6852,24.5562,0.764,trigger,61175.7974421296,2026-05-15T19:08:19+00:00,633.915214,skyportal_t0,0,phase_matching
GCN-260516_203828,gcn|grandma_base,gcn_internal,True,61176.86099537,3,5,0,True,False,True,True,False,2026-05-16T20:54:03.841139,2026-06-02T17:26:33.561455,233.8488,6.3726,1.801,trigger,61176.8600462963,2026-05-16T20:38:28+00:00,935.841139,skyportal_t0,0,phase_matching
GCN-260520_130759,gcn|grandma_base,gcn_internal,False,,0,0,0,False,False,False,False,False,2026-05-20T13:16:42.466822,2026-05-20T13:16:42.466822,237.2467,-18.2964,,trigger,61180.5472106482,2026-05-20T13:07:59+00:00,523.466822,source_id_timestamp_gcn,0.363888808933552,phase_matching
GCN-260603_053715,gcn|grandma_base,gcn_internal,True,61194.23490741,1,15,0,True,False,True,True,False,2026-06-03T05:59:45.377806,2026-06-06T09:52:02.511694,233.14397,40.02591,3.57,trigger,61194.2342013889,2026-06-03T05:37:15+00:00,1350.377806,skyportal_t0,0,phase_matching
GCN-260604_202037,gcn|grandma_base,gcn_internal,True,61195.84859954,2,48,1,True,True,True,True,False,2026-06-04T20:31:41.091533,2026-06-11T13:20:22.010809,224.456625,28.8175,,trigger,61195.847650463,2026-06-04T20:20:37+00:00,664.091533,skyportal_t0,0,phase_matching
GCN-260608_113525,gcn|grandma_base,gcn_internal,True,61199.48300926,0,7,0,True,False,True,False,False,2026-06-08T11:48:14.991587,2026-06-09T12:06:05.437930,5.4247417,-48.38795,,trigger,61199.4829282407,2026-06-08T11:35:25+00:00,769.991587,skyportal_t0,0,phase_matching
GCN-260614_134953,gcn|grandma_base,gcn_internal,True,61205.57633102,0,14,1,True,False,True,True,False,2026-06-14T13:51:35.652789,2026-07-02T07:13:24.364046,353.908,-54.1164,,trigger,61205.5763078704,2026-06-14T13:49:53+00:00,102.652789,skyportal_t0,0,phase_matching
GCN-260619_021200,gcn|grandma_base,gcn_internal,True,61210.09165509,0,6,0,True,False,True,True,False,2026-06-19T02:50:12.084960,2026-06-24T21:10:40.516870,359.0538,-15.3917,,trigger,61210.0916666667,2026-06-19T02:12:00+00:00,2292.08496,skyportal_t0,0,phase_matching
GCN-260704_034025,gcn,gcn_internal,True,61225.15353009,0,6,0,True,False,True,True,False,2026-07-04T04:10:58.631225,2026-07-17T01:59:50.320809,318.631,-25.532,,trigger,61225.1530671296,2026-07-04T03:40:25+00:00,1833.631225,skyportal_t0,0,phase_matching
GCN-260704_071658,gcn,gcn_internal,False,,0,3,0,False,False,False,False,False,2026-07-04T09:34:50.454337,2026-07-06T19:29:54.548135,320.67,34.14,,trigger,61225.3034490741,2026-07-04T07:16:58+00:00,8272.454337,source_id_timestamp_gcn,0.363888808933552,phase_matching
GCN-260705_130628,gcn|grandma_base,gcn_internal,True,61226.54636574,0,18,0,True,False,True,True,False,2026-07-05T13:15:57.857856,2026-07-17T15:31:53.355313,58.30204,-31.65239,,trigger,61226.5461574074,2026-07-05T13:06:28+00:00,569.857856,skyportal_t0,0,phase_matching
GCN-260706_161221,gcn|grandma_base,gcn_internal,True,61227.67527,0,29,2,True,False,True,True,False,2026-07-06T16:24:36.193402,2026-07-10T14:54:58.058332,33.8136,-49.1514,,trigger,61227.6752430555,2026-07-06T16:12:21+00:00,735.193402,skyportal_t0,0,phase_matching
GCN-260708_171743,gcn,gcn_internal,False,,0,0,0,False,False,False,False,False,2026-07-08T23:09:53.010022,2026-07-08T23:09:53.010022,292.81,-15.1699,,trigger,61229.7206365741,2026-07-08T17:17:43+00:00,21130.010022,source_id_timestamp_gcn,0.363888808933552,phase_matching
GCN-260712_110649,gcn,gcn_internal,False,,0,2,0,False,False,False,False,False,2026-07-12T13:56:52.227625,2026-07-13T12:22:48.826399,200.11,48.2899,,trigger,61233.4630671296,2026-07-12T11:06:49+00:00,10203.227625,source_id_timestamp_gcn,0.363888808933552,phase_matching
GCN-260718_111632,gcn|grandma_base,gcn_internal,True,61239.46983796,0,13,0,True,False,True,True,False,2026-07-18T11:17:50.920996,2026-07-19T09:50:32.482435,37.3004,-56.105,,trigger,61239.4698148148,2026-07-18T11:16:32+00:00,78.920996,skyportal_t0,0,phase_matching
GIT230615aa,grandma_base,other,False,,0,0,2,False,False,True,True,False,2023-06-16T07:38:25.761630,2023-06-16T14:06:06.234814,192.5125,20.889166666666664,,first_detection,,,,created_at_dossier_only,17572.1447668205,dossier_only
GIT230615ab,grandma_base,other,False,,0,0,2,False,False,True,True,False,2023-06-16T07:41:03.079296,2023-06-16T07:41:03.079296,190.54583333333332,22.056944444444444,,first_detection,,,,created_at_dossier_only,17572.1447668205,dossier_only
GOTO23baj,grandma_base,other,False,,1,0,2,False,False,True,True,False,2023-10-25T13:28:58.904176,2025-07-02T08:20:16.044728,13.780416666666666,-15.255397222222221,0.056,first_detection,,,,created_at_dossier_only,17572.1447668205,dossier_only
GOTO23hn,grandma_base,other,False,,0,0,2,False,False,True,True,False,2023-06-16T15:57:53.875401,2023-06-22T17:11:08.236888,190.148125,17.037575,,first_detection,,,,created_at_dossier_only,17572.1447668205,dossier_only
GOTO23hu,grandma_base,other,False,,0,0,2,False,False,True,True,False,2023-06-16T16:11:00.935773,2023-06-22T17:12:21.427101,200.730125,8.1637694,,first_detection,,,,created_at_dossier_only,17572.1447668205,dossier_only
GOTO24pw,grandma_base,other,False,,0,0,1,False,False,True,False,False,2024-02-13T12:46:09.687952,2024-02-13T12:46:09.687952,255.27204166666667,68.72953055555556,,first_detection,,,,created_at_dossier_only,17572.1447668205,dossier_only
GRB-240811_140733,grb,grb_internal,False,,0,0,2,False,False,False,False,False,2024-08-11T14:09:51.437877,2024-08-11T14:22:19.655701,226.3653,28.8945,,trigger,60533.5885763889,2024-08-11T14:07:33+00:00,138.437877,source_id_timestamp_grb,287.349166657892,dossier_only
GRB-240905_182604,grb,grb_internal,False,,0,0,2,False,False,False,False,False,2024-09-05T18:28:35.843094,2024-09-05T18:43:56.939138,345.8023,35.5202,,trigger,60558.7681018518,2024-09-05T18:26:04+00:00,151.843094,source_id_timestamp_grb,287.349166657892,dossier_only
GRB-240912_014639,grb,grb_internal,False,,0,2,2,True,False,True,False,False,2024-09-12T01:48:57.910559,2026-06-17T08:36:28.045625,124.6327,34.0001,,trigger,60565.0740625,2024-09-12T01:46:39+00:00,138.910559,source_id_timestamp_grb,287.349166657892,dossier_only
GRB-241006_215158,grandma_base|grb,grb_internal,False,,0,4,2,True,False,True,True,False,2024-10-06T21:55:19.541330,2026-06-17T08:36:55.912317,304.7429,-40.8051,,trigger,60589.911087963,2024-10-06T21:51:58+00:00,201.54133,source_id_timestamp_grb,287.349166657892,dossier_only
GRB-241010_100514,grb,grb_internal,False,,0,0,2,False,False,False,False,False,2024-10-13T19:46:34.771534,2024-10-13T19:47:13.629132,153.3821,11.5353,,trigger,60593.4203009259,2024-10-10T10:05:14+00:00,294080.771534,source_id_timestamp_grb,287.349166657892,dossier_only
GRB-241025_013651,grandma_base|grb,grb_internal,True,60608.06724537,1,11,2,True,False,True,True,False,2024-10-25T01:39:25.178841,2025-06-26T17:09:07.328827,333.65379,83.57565,4.2,trigger,60608.0672569445,2024-10-25T01:36:51+00:00,154.178841,skyportal_t0,0,phase_matching
GRB-241030_183421,grandma_base|grb,grb_internal,False,,0,0,2,False,False,True,False,False,2024-10-30T18:41:30.794411,2024-10-30T18:54:48.459525,50.7924,34.4457,,trigger,60613.7738541667,2024-10-30T18:34:21+00:00,429.794411,source_id_timestamp_grb,287.349166657892,dossier_only
GRB-241115_131825,grb,grb_internal,False,,0,0,2,False,False,True,False,False,2024-11-15T13:24:03.034922,2024-11-15T13:37:39.901978,86.7707,-0.6736,,trigger,60629.5544560185,2024-11-15T13:18:25+00:00,338.034922,source_id_timestamp_grb,287.349166657892,dossier_only
GRB-241213_021900,grb,grb_internal,False,,0,0,2,False,False,False,False,False,2024-12-13T02:32:56.996538,2024-12-13T02:39:02.497260,116.1707,35.2795,,trigger,60657.0965277778,2024-12-13T02:19:00+00:00,836.996538,source_id_timestamp_grb,287.349166657892,dossier_only
GRB-241218_000851,grb,grb_internal,False,,0,0,2,False,False,False,False,False,2024-12-18T00:14:30.955252,2024-12-18T00:38:45.270070,185.6737,29.9793,,trigger,60662.0061458333,2024-12-18T00:08:51+00:00,339.955252,source_id_timestamp_grb,287.349166657892,dossier_only
GRB-241228_035715,grb,grb_internal,False,,0,0,2,False,False,False,False,False,2024-12-28T04:04:27.523738,2024-12-28T04:11:23.127420,344.8007,18.6093,,trigger,60672.1647569445,2024-12-28T03:57:15+00:00,432.523738,source_id_timestamp_grb,287.349166657892,dossier_only
GRB-250101_132250,grb,grb_internal,False,,0,0,2,False,False,False,False,False,2025-01-01T13:29:08.407102,2025-01-01T13:44:32.795195,37.0692,19.1953,,trigger,60676.5575231481,2025-01-01T13:22:50+00:00,378.407102,source_id_timestamp_grb,287.349166657892,dossier_only
GRB-250103_154418,grb,grb_internal,False,,0,0,2,False,False,False,False,False,2025-01-03T15:50:55.673492,2025-01-03T15:55:30.326473,54.6638,-33.749,,trigger,60678.6557638889,2025-01-03T15:44:18+00:00,397.673492,source_id_timestamp_grb,287.349166657892,dossier_only
GRB-250108_102306,grb,grb_internal,False,,0,0,2,False,False,False,False,False,2025-01-08T10:25:38.245865,2025-01-08T10:41:49.222081,201.326,25.615,,trigger,60683.4327083333,2025-01-08T10:23:06+00:00,152.245865,source_id_timestamp_grb,287.349166657892,dossier_only
GRB-250114_073319,grandma_base|grb,grb_internal,False,,0,2,1,False,False,True,False,False,2025-01-14T07:36:11.263914,2025-01-29T17:15:29.165286,166.57679,-15.11159,,trigger,60689.3148032407,2025-01-14T07:33:19+00:00,172.263914,source_id_timestamp_grb,287.349166657892,dossier_only
GRB-250128_162254,grandma_base|grb,grb_internal,False,,0,1,1,True,False,True,False,False,2025-01-28T16:31:30.370911,2026-06-17T08:38:00.446911,231.42552,-0.5397,,trigger,60703.6825694444,2025-01-28T16:22:54+00:00,516.370911,source_id_timestamp_grb,287.349166657892,dossier_only
GRB-250129_044509,grandma_base|grb,grb_internal,False,,0,2,3,False,False,True,False,False,2025-01-29T04:48:16.820425,2025-01-29T07:44:00.316057,198.67673,198.67673,,trigger,60704.1980208333,2025-01-29T04:45:09+00:00,187.820425,source_id_timestamp_grb,287.349166657892,dossier_only
GRB-250306_163009,grb,grb_internal,False,,0,0,0,False,False,False,False,False,2025-03-14T20:27:55.738223,2025-03-14T20:27:55.738223,354.73,-47.9933,,trigger,60740.6876041667,2025-03-06T16:30:09+00:00,705466.738223,source_id_timestamp_grb,287.349166657892,dossier_only
GRB-250312_132418,grb,grb_internal,False,,0,0,0,False,False,False,False,False,2025-03-14T20:28:16.414707,2025-03-14T20:28:16.414707,29.5098,-42.4044,,trigger,60746.5585416667,2025-03-12T13:24:18+00:00,198238.414707,source_id_timestamp_grb,287.349166657892,dossier_only
GRB-250312_132633,grb,grb_internal,False,,0,0,0,False,False,False,False,False,2025-03-14T20:22:42.568207,2025-03-14T20:22:42.568207,29.519,-42.3957,,trigger,60746.5601041667,2025-03-12T13:26:33+00:00,197769.568207,source_id_timestamp_grb,287.349166657892,dossier_only
GRB-250317_021219,grb,grb_internal,False,,0,0,0,False,False,False,False,False,2025-03-21T08:58:47.170373,2025-03-21T08:58:47.170373,211.6083,40.0515,,trigger,60751.0918865741,2025-03-17T02:12:19+00:00,369988.170373,source_id_timestamp_grb,287.349166657892,dossier_only
GRB-250321_004239,grb,grb_internal,False,,0,0,0,False,False,False,False,False,2025-03-21T00:43:20.222370,2025-03-21T00:43:20.222370,295.0773,21.0409,,trigger,60755.0296180556,2025-03-21T00:42:39+00:00,41.22237,source_id_timestamp_grb,287.349166657892,dossier_only
GRB-250322_160613,grb,grb_internal,False,,0,0,0,False,False,False,False,False,2025-03-22T16:10:06.556014,2025-03-22T16:10:06.556014,106.7336,7.199,,trigger,60756.6709837963,2025-03-22T16:06:13+00:00,233.556014,source_id_timestamp_grb,287.349166657892,dossier_only
GRB-250327_073005,grandma_base|grb,grb_internal,True,60761.3125463,1,1,2,True,False,True,False,False,2025-03-27T07:32:04.177408,2026-06-17T08:38:27.667448,248.1972,61.5954,3.035,trigger,60761.3125578704,2025-03-27T07:30:05+00:00,119.177408,skyportal_t0,0,phase_matching
GRB-250329_041752,grandma_base|grb,grb_internal,True,60751.20619213,1,1,1,True,False,True,True,False,2025-03-29T04:18:54.766979,2026-06-17T08:38:57.604330,197.4374,9.4849,2.921,trigger,60763.1790740741,2025-03-29T04:17:52+00:00,62.766979,skyportal_t0,0,phase_matching
GRB-250330_060738,grb,grb_internal,False,,0,0,0,False,False,False,False,False,2025-03-30T06:08:14.121758,2025-03-30T06:08:14.121758,252.7898,-86.8701,,trigger,60764.2553009259,2025-03-30T06:07:38+00:00,36.121758,source_id_timestamp_grb,287.349166657892,dossier_only
GRB-250331_041943,grandma_base|grb,grb_internal,False,,0,0,0,False,False,True,False,False,2025-03-31T04:20:54.901420,2025-03-31T04:20:54.901420,71.3806,43.8047,,trigger,60765.1803587963,2025-03-31T04:19:43+00:00,71.90142,source_id_timestamp_grb,287.349166657892,dossier_only
GRB-250331_043741,grandma_base|grb,grb_internal,False,,0,1,0,True,False,True,False,False,2025-03-31T04:43:58.429669,2026-06-17T08:40:02.687931,80.9933,33.0285,,trigger,60765.1928356481,2025-03-31T04:37:41+00:00,377.429669,source_id_timestamp_grb,287.349166657892,dossier_only
GRB-250402_230801,grandma_base|grb,grb_internal,False,,0,0,0,False,False,True,False,False,2025-04-02T23:10:22.946405,2025-04-03T12:48:21.726495,213.3552,-5.9374,,trigger,60767.963900463,2025-04-02T23:08:01+00:00,141.946405,source_id_timestamp_grb,287.349166657892,dossier_only
GRB-250403_151521,grandma_base|grb,grb_internal,False,,0,1,0,True,False,True,False,False,2025-04-03T15:23:09.679505,2026-06-17T08:40:36.396771,194.6157,-24.3795,,trigger,60768.6356597222,2025-04-03T15:15:21+00:00,468.679505,source_id_timestamp_grb,287.349166657892,dossier_only
GRB-250424_065229,grandma_base|grb,grb_internal,True,60789.28620949,1,18,1,True,False,True,True,False,2025-04-24T06:54:48.404105,2026-07-07T15:08:48.270000,217.49998,-35.02518,0.31,trigger,60789.2864467593,2025-04-24T06:52:29+00:00,139.404105,skyportal_t0,0,phase_matching
GRB-250430_173100,grb,grb_internal,False,,0,0,0,False,False,False,False,False,2025-04-30T17:31:44.306546,2025-04-30T17:31:44.306546,233.4281,-18.0833,,trigger,60795.7298611111,2025-04-30T17:31:00+00:00,44.306546,source_id_timestamp_grb,287.349166657892,dossier_only
GRB-250504_232557,grandma_base|grb,grb_internal,False,,0,0,0,False,False,False,False,False,2025-05-04T23:26:35.722711,2025-05-06T08:56:25.245715,269.6123,-40.3494,,trigger,60799.9763541667,2025-05-04T23:25:57+00:00,38.722711,source_id_timestamp_grb,287.349166657892,dossier_only
GRB-250506_022322,grandma_base|grb,grb_internal,True,60801.09956019,0,5,1,True,False,True,False,False,2025-05-06T02:42:55.446292,2026-06-17T08:41:21.927470,219.6126,29.2772,,trigger,60801.0995601852,2025-05-06T02:23:22+00:00,1173.446292,skyportal_t0,0,phase_matching
GRB-250507_063453,grandma_base|grb,grb_internal,False,,0,1,0,True,False,True,False,False,2025-05-07T06:36:18.965468,2026-06-17T08:42:07.343135,183.0626,-23.6254,,trigger,60802.274224537,2025-05-07T06:34:53+00:00,85.965468,source_id_timestamp_grb,287.349166657892,dossier_only
GRB-250509_223331,grb,grb_internal,False,,0,0,0,False,False,False,False,False,2025-05-09T22:34:18.507283,2025-05-09T22:34:18.507283,46.4548,-38.8534,,trigger,60804.9399421296,2025-05-09T22:33:31+00:00,47.507283,source_id_timestamp_grb,287.349166657892,dossier_only
GRB-250510_043842,grandma_base|grb,grb_internal,False,,0,1,0,False,False,True,True,False,2025-05-10T06:02:27.713271,2025-05-13T18:23:46.977357,284.1737,18.3724,,trigger,60805.1935416667,2025-05-10T04:38:42+00:00,5025.713271,source_id_timestamp_grb,287.349166657892,dossier_only
GRB-250512_112008,grandma_base|grb,grb_internal,False,,0,0,0,False,False,False,False,False,2025-05-12T13:31:12.427625,2025-05-15T15:07:20.745722,215.2212,-10.1086,,trigger,60807.4723148148,2025-05-12T11:20:08+00:00,7864.427625,source_id_timestamp_grb,287.349166657892,dossier_only
GRB-250516_143529,grb,grb_internal,False,,0,0,0,False,False,False,False,False,2025-05-16T14:36:06.458796,2025-05-16T14:36:06.458796,334.5614,-9.1302,,trigger,60811.607974537,2025-05-16T14:35:29+00:00,37.458796,source_id_timestamp_grb,287.349166657892,dossier_only
GRB-250520_024217,grb,grb_internal,False,,0,0,0,False,False,False,False,False,2025-05-20T02:43:02.143791,2025-05-20T02:43:02.143791,282.2681,-11.8468,,trigger,60815.1126967592,2025-05-20T02:42:17+00:00,45.143791,source_id_timestamp_grb,287.349166657892,dossier_only
GRB-250530_063155,grb,grb_internal,False,,0,0,0,False,False,False,False,False,2025-05-30T06:32:48.179334,2025-05-30T06:32:48.179334,186.6433,-2.5741,,trigger,60825.2721643519,2025-05-30T06:31:55+00:00,53.179334,source_id_timestamp_grb,287.349166657892,dossier_only
GRB-250530_185843,grb,grb_internal,False,,0,0,0,False,False,False,False,False,2025-05-30T18:59:42.577317,2025-05-30T18:59:42.577317,55.143,-22.4591,,trigger,60825.790775463,2025-05-30T18:58:43+00:00,59.577317,source_id_timestamp_grb,287.349166657892,dossier_only
GRB-250603_011023,grb,grb_internal,False,,0,0,0,False,False,False,False,False,2025-06-03T01:10:59.137641,2025-06-03T01:10:59.137641,129.9183,-39.2683,,trigger,60829.0488773148,2025-06-03T01:10:23+00:00,36.137641,source_id_timestamp_grb,287.349166657892,dossier_only
GRB-250605_185231,grandma_base|grb,grb_internal,True,60831.78647303,0,1,1,True,False,True,False,False,2025-06-05T18:53:08.765557,2026-06-17T08:43:03.452428,166.95715,-19.78841,,trigger,60831.7864699074,2025-06-05T18:52:31+00:00,37.765557,skyportal_t0,0,phase_matching
GRB-250612_010206,grb,grb_internal,False,,0,0,0,False,False,False,False,False,2025-06-12T01:03:13.675209,2025-06-12T01:03:13.675209,250.9031,-38.902,,trigger,60838.043125,2025-06-12T01:02:06+00:00,67.675209,source_id_timestamp_grb,287.349166657892,dossier_only
GRB-250615_222520,grandma_base|grb,grb_internal,True,60841.93425926,0,3,1,True,False,True,True,False,2025-06-15T22:26:00.323666,2025-06-16T08:54:29.503871,290.38555,4.68527,,trigger,60841.9342592593,2025-06-15T22:25:20+00:00,40.323666,skyportal_t0,0,phase_matching
GRB-250617_210150,grandma_base|grb,grb_internal,True,60843.87627442,1,5,1,True,False,True,True,False,2025-06-17T21:02:58.198275,2026-07-16T20:06:29.835701,332.89686,32.73247,1.396,trigger,60843.8762731481,2025-06-17T21:01:50+00:00,68.198275,skyportal_t0,0,phase_matching
GRB-250625_160457,grandma_base|grb,grb_internal,True,60851.67009259259,1,19,1,True,False,True,True,False,2025-06-25T16:06:34.165198,2025-06-29T07:15:34.151838,261.5085,22.2677,0.655,trigger,60851.6701041667,2025-06-25T16:04:57+00:00,97.165198,skyportal_t0,0,phase_matching
GRB-250628_005557,grandma_base|grb,grb_internal,True,60854.03884259,0,9,1,True,False,True,True,False,2025-06-28T00:57:04.448665,2025-06-29T07:11:40.921419,38.55311,-38.07894,,trigger,60854.0388541667,2025-06-28T00:55:57+00:00,67.448665,skyportal_t0,0,phase_matching
GRB-250702_210643,grandma_base|grb,grb_internal,True,60858.87966748,1,39,1,True,True,True,True,False,2025-07-02T21:07:16.102300,2026-06-17T11:31:48.028550,212.9361,16.74863,1.52,trigger,60858.8796643519,2025-07-02T21:06:43+00:00,33.1023,skyportal_t0,0,phase_matching
GRB-250706_154831,grandma_base|grb,grb_internal,True,60862.65868056,0,4,1,True,False,True,True,False,2025-07-06T15:49:42.044869,2025-07-07T16:28:05.904241,284.0176,32.3216,,trigger,60862.6586921296,2025-07-06T15:48:31+00:00,71.044869,skyportal_t0,0,phase_matching
GRB-250718_001403,grandma_base|grb,grb_internal,True,60874.00974537,0,5,1,True,False,True,True,False,2025-07-18T00:15:11.789844,2026-06-17T08:44:19.223510,241.9978,-11.9933,,trigger,60874.0097569444,2025-07-18T00:14:03+00:00,68.789844,skyportal_t0,0,phase_matching
GRB-250725_015136,grandma_base|grb,grb_internal,True,60881.0775,1,8,0,True,True,True,True,False,2025-07-25T01:52:21.299400,2025-07-28T01:47:06.309731,35.480401,-82.791125,5.26,trigger,60881.0775,2025-07-25T01:51:36+00:00,45.2994,skyportal_t0,0,phase_matching
GRB-250805_060909,grb,grb_internal,False,,0,0,0,False,False,False,False,False,2025-08-05T06:09:51.213490,2025-08-05T06:09:51.213490,24.1534,-81.4065,,trigger,60892.2563541667,2025-08-05T06:09:09+00:00,42.21349,source_id_timestamp_grb,287.349166657892,dossier_only
GRB-250807_104608,grandma_base|grb,grb_internal,True,60894.448709,0,5,3,True,False,True,True,False,2025-08-07T10:46:41.988537,2025-08-08T07:09:52.006239,51.44829,-47.88782,,trigger,60894.4487037037,2025-08-07T10:46:08+00:00,33.988537,skyportal_t0,0,phase_matching
GRB-250807_154308,grandma_base|grb,grb_internal,True,60894.654942,1,5,3,True,False,True,True,False,2025-08-07T15:44:46.547392,2025-08-13T06:46:44.836716,15.63741,-59.11887,1.522,trigger,60894.6549537037,2025-08-07T15:43:08+00:00,98.547392,skyportal_t0,0,phase_matching
GRB-250809_165320,grb,grb_internal,False,,0,0,0,False,False,False,False,False,2025-08-09T16:54:50.636915,2025-08-09T16:54:50.636915,233.0152,-53.2886,,trigger,60896.7037037037,2025-08-09T16:53:20+00:00,90.636915,source_id_timestamp_grb,287.349166657892,dossier_only
GRB-250814_073500,grandma_base|grb,grb_internal,True,60901.31596065,0,3,0,True,False,True,True,False,2025-08-14T07:36:40.939756,2025-08-15T12:43:38.644383,306.30792,48.39903,,trigger,60901.3159722222,2025-08-14T07:35:00+00:00,100.939756,skyportal_t0,0,phase_matching
GRB-250818_013123,grandma_base|grb,grb_internal,True,60905.06346065,0,3,0,True,False,True,False,False,2025-08-18T01:32:13.254441,2025-08-18T05:49:44.335985,213.8002,-58.0134,,trigger,60905.0634606482,2025-08-18T01:31:23+00:00,50.254441,skyportal_t0,0,phase_matching
GRB-250821_104617,grandma_base|grb,grb_internal,True,60908.44880787037,0,0,0,True,False,True,True,False,2025-08-21T10:47:05.311829,2025-08-22T22:20:25.741793,358.4121,-28.6182,,trigger,60908.4488078704,2025-08-21T10:46:17+00:00,48.311829,skyportal_t0,0,phase_matching
GRB-250823_201008,grb,grb_internal,False,,0,0,0,False,False,False,False,False,2025-08-23T20:11:07.562219,2025-08-23T20:11:07.562219,297.5213,-24.9761,,trigger,60910.8403703704,2025-08-23T20:10:08+00:00,59.562219,source_id_timestamp_grb,287.349166657892,dossier_only
GRB-250828_223338,grb,grb_internal,False,,0,0,0,False,False,False,False,False,2025-08-28T22:34:17.500078,2025-08-28T22:34:17.500078,124.8517,-17.3884,,trigger,60915.9400231481,2025-08-28T22:33:38+00:00,39.500078,source_id_timestamp_grb,287.349166657892,dossier_only
GRB-250904_173703,grb,grb_internal,False,,0,0,0,False,False,False,False,False,2025-09-04T17:37:48.436862,2025-09-04T17:37:48.436862,84.3577,3.5845,,trigger,60922.7340625,2025-09-04T17:37:03+00:00,45.436862,source_id_timestamp_grb,287.349166657892,dossier_only
GRB-250905_020955,grb,grb_internal,False,,0,0,0,False,False,False,False,False,2025-09-05T02:11:15.537158,2025-09-05T02:11:15.537158,233.047,0.7774,,trigger,60923.0902199074,2025-09-05T02:09:55+00:00,80.537158,source_id_timestamp_grb,287.349166657892,dossier_only
GRB-250911_012746,grb,grb_internal,True,60929.06094907,0,0,0,False,False,False,False,False,2025-09-11T01:35:52.298185,2025-09-13T07:57:52.349877,263.7622,-16.8437,,trigger,60929.0609490741,2025-09-11T01:27:46+00:00,486.298185,skyportal_t0,0,phase_matching
GRB-250917_062744,grb,grb_internal,False,,0,0,0,False,False,False,False,False,2025-09-17T06:28:26.795134,2025-09-17T06:28:26.795134,291.3777,11.1132,,trigger,60935.2692592593,2025-09-17T06:27:44+00:00,42.795134,source_id_timestamp_grb,287.349166657892,dossier_only
GRB-250920_084631,grb,grb_internal,False,,0,0,0,False,False,False,False,False,2025-09-20T08:47:09.709222,2025-09-20T08:47:09.709222,187.3366,47.8441,,trigger,60938.3656365741,2025-09-20T08:46:31+00:00,38.709222,source_id_timestamp_grb,287.349166657892,dossier_only
GRB-250920_152517,grandma_base|grb,grb_internal,True,60938.64255787037,1,0,0,True,False,True,True,False,2025-09-20T15:25:59.819185,2025-09-24T20:13:44.410018,51.4589,-29.6457,1.399,trigger,60938.6425578704,2025-09-20T15:25:17+00:00,42.819185,skyportal_t0,0,phase_matching
GRB-250924_081829,grb,grb_internal,False,,0,0,0,False,False,False,False,False,2025-09-24T08:21:04.850094,2025-09-24T08:21:04.850094,51.865,74.6519,,trigger,60942.3461689815,2025-09-24T08:18:29+00:00,155.850094,source_id_timestamp_grb,287.349166657892,dossier_only
GRB-250925_170427,grb,grb_internal,False,,0,0,0,False,False,False,False,False,2025-09-25T17:06:29.353909,2025-09-25T17:06:29.353909,341.2013,46.5737,,trigger,60943.7114236111,2025-09-25T17:04:27+00:00,122.353909,source_id_timestamp_grb,287.349166657892,dossier_only
GRB-251001_141721,grb,grb_internal,False,,0,0,0,False,False,False,False,False,2025-10-01T14:31:38.373640,2025-10-01T14:31:38.373640,42.6648,-23.0195,,trigger,60949.5953819444,2025-10-01T14:17:21+00:00,857.37364,source_id_timestamp_grb,287.349166657892,dossier_only
GRB-251003_015830,grb,grb_internal,True,60951.082291666666,1,0,0,False,False,True,True,False,2025-10-03T01:59:06.525334,2025-10-03T13:19:38.490393,18.5033,56.5065,4.412,trigger,60951.0822916667,2025-10-03T01:58:30+00:00,36.525334,skyportal_t0,0,phase_matching
GRB-251005_160654,grb,grb_internal,False,,0,0,0,False,False,False,False,False,2025-10-05T16:07:39.979946,2025-10-05T16:07:39.979946,75.6734,16.8817,,trigger,60953.6714583333,2025-10-05T16:06:54+00:00,45.979946,source_id_timestamp_grb,287.349166657892,dossier_only
GRB-251007_193658,grb,grb_internal,False,,0,0,0,False,False,False,False,False,2025-10-07T19:37:30.072507,2025-10-07T19:37:30.072507,128.1734,21.8233,,trigger,60955.817337963,2025-10-07T19:36:58+00:00,32.072507,source_id_timestamp_grb,287.349166657892,dossier_only
GRB-251007_194307,grb,grb_internal,False,,0,0,0,False,False,False,False,False,2025-10-07T19:47:21.455099,2025-10-07T19:47:21.455099,102.117,-10.3033,,trigger,60955.8216087963,2025-10-07T19:43:07+00:00,254.455099,source_id_timestamp_grb,287.349166657892,dossier_only
GRB-251011_070822,grb,grb_internal,False,,0,0,0,False,False,False,False,False,2025-10-11T07:09:10.949244,2025-10-11T07:09:10.949244,13.2873,-62.0323,,trigger,60959.2974768519,2025-10-11T07:08:22+00:00,48.949244,source_id_timestamp_grb,287.349166657892,dossier_only
GRB-251014_002830,grb,grb_internal,False,,0,0,0,False,False,False,False,False,2025-10-14T00:34:18.801386,2025-10-14T00:34:18.801386,111.7323,6.415,,trigger,60962.0197916667,2025-10-14T00:28:30+00:00,348.801386,source_id_timestamp_grb,287.349166657892,dossier_only
GRB-251015_141724,grb,grb_internal,False,,0,0,0,False,False,False,False,False,2025-10-15T14:17:58.946543,2025-10-15T14:17:58.946543,245.0068,-54.853,,trigger,60963.5954166667,2025-10-15T14:17:24+00:00,34.946543,source_id_timestamp_grb,287.349166657892,dossier_only
GRB-251017_084045,grandma_base|grb,grb_internal,True,60965.36162037037,1,1,0,False,False,True,True,False,2025-10-17T08:41:24.444238,2025-12-11T13:45:31.267266,335.40098,7.0399,4.327,trigger,60965.3616319444,2025-10-17T08:40:45+00:00,39.444238,skyportal_t0,0,phase_matching
GRB-251018_031202,grb,grb_internal,False,,0,0,0,False,False,False,False,False,2025-10-18T03:12:43.403268,2025-10-18T03:12:43.403268,282.0708,-37.0284,,trigger,60966.1333564815,2025-10-18T03:12:02+00:00,41.403268,source_id_timestamp_grb,287.349166657892,dossier_only
GRB-251024_174702,grb,grb_internal,False,,0,0,0,False,False,False,False,False,2025-10-24T17:48:21.956054,2025-10-24T17:48:21.956054,306.6219,-68.574,,trigger,60972.7409953704,2025-10-24T17:47:02+00:00,79.956054,source_id_timestamp_grb,287.349166657892,dossier_only
GRB-251103_164636,grb,grb_internal,False,,0,0,0,False,False,False,False,False,2025-11-03T16:47:07.539598,2025-11-03T16:47:07.539598,105.8635,-24.8433,,trigger,60982.6990277778,2025-11-03T16:46:36+00:00,31.539598,source_id_timestamp_grb,287.349166657892,dossier_only
GRB-251112_212856,grb,grb_internal,False,,0,0,0,False,False,False,False,False,2025-11-12T21:29:48.649073,2025-11-12T21:29:48.649073,274.0189,24.2255,,trigger,60991.8950925926,2025-11-12T21:28:56+00:00,52.649073,source_id_timestamp_grb,287.349166657892,dossier_only
GRB-251126_191037,grandma_base|grb,grb_internal,True,61005.79902778,1,3,1,True,False,True,True,False,2025-11-26T19:11:16.887552,2026-03-23T10:15:09.902516,99.944,54.9864,3.52,trigger,61005.7990393518,2025-11-26T19:10:37+00:00,39.887552,skyportal_t0,0,phase_matching
GRB-251129_110508,grb,grb_internal,False,,0,0,0,False,False,False,False,False,2025-11-29T11:13:13.882329,2025-11-29T11:13:13.882329,174.5202,-20.9275,,trigger,61008.4618981481,2025-11-29T11:05:08+00:00,485.882329,source_id_timestamp_grb,287.349166657892,dossier_only
GRB-251201_162630,grandma_base|grb,grb_internal,True,61010.685,0,2,0,True,False,True,True,False,2025-12-01T16:27:05.990440,2025-12-04T09:24:50.872589,6.39413,-44.23364,,trigger,61010.6850694444,2025-12-01T16:26:30+00:00,35.99044,skyportal_t0,0,phase_matching
GRB-251205_233947,grb,grb_internal,True,61014.98596064815,0,0,0,False,False,True,True,False,2025-12-05T23:41:19.868362,2025-12-24T11:38:17.075180,200.27223,29.92888,,trigger,61014.9859606482,2025-12-05T23:39:47+00:00,92.868362,skyportal_t0,0,phase_matching
GRB-251214_090218,grb,grb_internal,False,,0,0,0,False,False,False,False,False,2025-12-14T09:11:57.392128,2025-12-14T09:11:57.392128,330.2169,-9.167,,trigger,61023.3765972222,2025-12-14T09:02:18+00:00,579.392128,source_id_timestamp_grb,287.349166657892,dossier_only
GRB-251221_052432,grb,grb_internal,True,61030.2253587963,0,1,0,True,False,True,True,False,2025-12-21T05:25:46.004892,2026-06-17T08:45:17.497979,101.42804,0.73189,,trigger,61030.2253703704,2025-12-21T05:24:32+00:00,74.004892,skyportal_t0,0,phase_matching
GRB-251230_012141,grandma_base|grb,grb_internal,True,61039.05672454,0,1,0,True,False,True,True,False,2025-12-30T01:22:35.998562,2025-12-31T11:10:00.621303,179.8976,11.4387,,trigger,61039.056724537,2025-12-30T01:21:41+00:00,54.998562,skyportal_t0,0,phase_matching
GRB-260101_005630,grandma_base|grb,grb_internal,True,61041.03923611,1,3,0,True,False,True,True,False,2026-01-01T00:57:05.670115,2026-01-01T09:51:10.044418,86.4289,63.59225,2.623,trigger,61041.0392361111,2026-01-01T00:56:30+00:00,35.670115,skyportal_t0,0,phase_matching
GRB-260104_053703,grandma_base|grb,grb_internal,True,61044.23405093,0,2,0,True,False,True,False,False,2026-01-04T05:37:45.115545,2026-01-04T08:27:53.395531,337.39898,-21.29547,,trigger,61044.2340625,2026-01-04T05:37:03+00:00,42.115545,skyportal_t0,0,phase_matching
GRB-260109_124715,grandma_base|grb,grb_internal,True,61049.5328125,0,1,0,True,False,True,True,False,2026-01-09T12:51:38.977430,2026-06-17T08:45:59.889301,123.7279,-35.2579,,trigger,61049.5328125,2026-01-09T12:47:15+00:00,263.97743,skyportal_t0,0,phase_matching
GRB-260111_090123,grb,grb_internal,False,,0,0,0,False,False,False,False,False,2026-01-11T09:02:17.767618,2026-01-11T09:02:17.767618,338.4843,4.4265,,trigger,61051.3759606482,2026-01-11T09:01:23+00:00,54.767618,source_id_timestamp_grb,287.349166657892,dossier_only
GRB-260113_101407,grb,grb_internal,False,,0,0,0,False,False,False,False,False,2026-01-13T10:14:57.490898,2026-01-13T10:14:57.490898,357.3717,9.0413,,trigger,61053.4264699074,2026-01-13T10:14:07+00:00,50.490898,source_id_timestamp_grb,287.349166657892,dossier_only
GRB-260114_114026,grb,grb_internal,False,,0,0,0,False,False,False,False,False,2026-01-14T11:42:05.581930,2026-01-14T11:42:05.581930,74.6021,-7.9939,,trigger,61054.486412037,2026-01-14T11:40:26+00:00,99.58193,source_id_timestamp_grb,287.349166657892,dossier_only
GRB-260117_062859,grb,grb_internal,False,,0,0,0,False,False,False,False,False,2026-01-17T06:36:13.047356,2026-01-17T06:36:13.047356,170.2403,-61.917,,trigger,61057.2701273148,2026-01-17T06:28:59+00:00,434.047356,source_id_timestamp_grb,287.349166657892,dossier_only
GRB-260118_112755,grb,grb_internal,False,,0,0,0,False,False,False,False,False,2026-01-18T11:30:54.676805,2026-01-18T11:30:54.676805,170.2386,-61.9161,,trigger,61058.4777199074,2026-01-18T11:27:55+00:00,179.676805,source_id_timestamp_grb,287.349166657892,dossier_only
GRB-260120_180026,grb,grb_internal,False,,0,0,0,False,False,False,False,False,2026-01-20T18:01:23.156025,2026-01-20T18:01:23.156025,284.6655,61.9118,,trigger,61060.7503009259,2026-01-20T18:00:26+00:00,57.156025,source_id_timestamp_grb,287.349166657892,dossier_only
GRB-260122_231310,grb,grb_internal,False,,0,0,0,False,False,False,False,False,2026-01-22T23:15:42.463056,2026-01-22T23:15:42.463056,336.0786,-59.1675,,trigger,61062.9674768519,2026-01-22T23:13:10+00:00,152.463056,source_id_timestamp_grb,287.349166657892,dossier_only
GRB-260127_175035,grb,grb_internal,False,,0,0,0,False,False,False,False,False,2026-01-27T17:53:01.513435,2026-01-27T17:53:01.513435,231.8565,6.7584,,trigger,61067.7434606482,2026-01-27T17:50:35+00:00,146.513435,source_id_timestamp_grb,287.349166657892,dossier_only
GRB-260312_025700,grb,grb_internal,False,,0,0,0,False,False,False,False,False,2026-03-12T02:57:52.112174,2026-03-12T02:57:52.112174,351.6091,-3.5333,,trigger,61111.1229166667,2026-03-12T02:57:00+00:00,52.112174,source_id_timestamp_grb,287.349166657892,dossier_only
GRB-260312_103403,grb,grb_internal,False,,0,0,0,False,False,False,False,False,2026-03-12T10:35:38.103370,2026-03-12T10:35:38.103370,351.9528,-3.4066,,trigger,61111.4403125,2026-03-12T10:34:03+00:00,95.10337,source_id_timestamp_grb,287.349166657892,dossier_only
GRB-260313_110947,grb,grb_internal,False,,0,0,0,False,False,False,False,False,2026-03-13T11:11:27.496381,2026-03-13T11:11:27.496381,352.8829,-2.9888,,trigger,61112.4651273148,2026-03-13T11:09:47+00:00,100.496381,source_id_timestamp_grb,287.349166657892,dossier_only
GRB-260313_123907,grb,grb_internal,False,,0,0,0,False,False,False,False,False,2026-03-13T12:40:45.101144,2026-03-13T12:40:45.101144,353.4072,-2.8926,,trigger,61112.5271643519,2026-03-13T12:39:07+00:00,98.101144,source_id_timestamp_grb,287.349166657892,dossier_only
GRB-260703A,grandma_base|grb,grb_named,True,61224.09360174,0,1,0,True,False,False,False,False,2026-07-17T15:47:02.443947,2026-07-17T15:50:20.613159,350.51,63.36,,trigger,,,,skyportal_t0,0,phase_matching
GRB-260703B,grandma_base|grb,grb_named,True,61224.10075995,0,1,0,True,False,False,False,False,2026-07-17T15:51:36.155995,2026-07-17T15:55:17.710224,310.5,47.9,,trigger,,,,skyportal_t0,0,phase_matching
GRB-260705B,grandma_base|grb,grb_named,True,61226.94902778,0,1,0,True,False,False,False,False,2026-07-17T15:56:57.526046,2026-07-17T15:59:50.637419,68.5,-30.8,,trigger,,,,skyportal_t0,0,phase_matching
GRB-260705C,grandma_base|grb,grb_named,True,61226.5826272,0,2,0,True,False,False,False,False,2026-07-17T16:01:00.596168,2026-07-17T16:05:12.242219,251.67,55.55,,trigger,,,,skyportal_t0,0,phase_matching
GRB-260708A,grandma_base|grb,grb_named,True,61229.42450104166,0,27,1,True,True,True,True,False,2026-07-09T11:04:21.445824,2026-07-15T04:24:32.306202,225.65442,-43.88533,,trigger,,,,skyportal_t0,0,phase_matching
GRB-260710A,grandma_base|grb,grb_named,True,61231.54078148,0,6,1,False,False,True,False,False,2026-07-12T12:09:43.194444,2026-07-16T13:33:31.669890,5.6,-85.0,,trigger,,,,skyportal_t0,0,phase_matching
GRB-260714B,grandma_base|grb,grb_named,True,61235.76627315,0,7,1,True,False,True,True,False,2026-07-15T03:46:55.656045,2026-07-16T07:07:28.647481,163.12,46.98,,trigger,,,,skyportal_t0,0,phase_matching
GRB221110,grb,grb_named,True,59893.10298171,1,3,2,False,False,True,True,False,2022-11-10T02:28:36.269786,2026-07-16T11:54:22.774938,29.09882,-27.29586,4.06,trigger,,,,skyportal_t0,0,phase_matching
GRB231117A-Swift,grandma_base|grb,grb_named,False,,0,0,2,False,False,True,False,False,2023-11-17T16:36:09.787600,2023-11-17T16:36:09.787600,22.0,13.0,,trigger,,,,created_at_dossier_only,349.537570447486,dossier_only
GRB240421B,grandma_base|grb,grb_named,False,,0,0,1,False,False,False,False,False,2024-04-21T10:56:38.960146,2024-04-21T14:42:27.041390,299.700125,-14.860111,,trigger,,,,created_at_dossier_only,349.537570447486,dossier_only
GRB240428A,grandma_base|grb,grb_named,False,,0,0,0,False,False,False,False,False,2024-04-28T15:30:41.936891,2024-04-28T15:30:41.936891,178.1,20.4,,trigger,,,,created_at_dossier_only,349.537570447486,dossier_only
GRB240603B,grandma_base|grb,grb_named,False,,0,0,2,False,False,True,False,False,2024-06-03T10:12:50.547184,2024-06-03T10:12:50.547184,36.05416666666667,-50.943888888888885,,trigger,,,,created_at_dossier_only,349.537570447486,dossier_only
GRB240713A,grandma_base|grb,grb_named,False,,0,4,2,True,False,True,True,False,2024-07-13T11:23:45.720147,2025-11-24T09:05:02.652896,352.59,1.88,,trigger,,,,created_at_dossier_only,349.537570447486,dossier_only
GRB240715A,grandma_base|grb,grb_named,False,,0,1,2,False,False,True,False,False,2024-07-15T06:04:50.928787,2024-07-18T15:39:09.254245,8.4,-29.4,,trigger,,,,created_at_dossier_only,349.537570447486,dossier_only
GRB240716A,grandma_base|grb,grb_named,False,,0,0,2,False,False,True,False,False,2024-07-17T17:33:34.260386,2024-07-17T17:33:34.260386,116.43,46.57,,trigger,,,,created_at_dossier_only,349.537570447486,dossier_only
GRB240718A,grandma_base|grb,grb_named,False,,0,0,2,False,False,True,False,False,2024-07-18T06:47:19.320191,2024-07-18T21:02:34.834998,252.78,-25.11,,trigger,,,,created_at_dossier_only,349.537570447486,dossier_only
GRB240720,grb,grb_named,False,,0,0,2,False,False,False,False,False,2024-07-20T00:25:33.250816,2024-07-20T00:29:09.894108,96.7003,30.3418,,trigger,,,,created_at_dossier_only,349.537570447486,dossier_only
GRB240725,grb,grb_named,False,,0,0,2,False,False,True,False,False,2024-07-25T02:38:15.435176,2024-07-25T02:41:33.644020,299.054,-64.6667,,trigger,,,,created_at_dossier_only,349.537570447486,dossier_only
GRB240730,grb,grb_named,False,,0,0,2,False,False,True,False,False,2024-07-30T07:53:41.524173,2024-07-30T07:56:06.028292,37.8292,59.0741,,trigger,,,,created_at_dossier_only,349.537570447486,dossier_only
GRB240805,grb,grb_named,False,,0,0,2,False,False,True,False,False,2024-08-05T02:03:00.205862,2024-08-05T14:40:11.149363,190.9108,-53.6216,,trigger,,,,created_at_dossier_only,349.537570447486,dossier_only
GRB240809,grandma_base|grb,grb_named,False,,0,0,2,False,False,True,True,False,2024-08-09T08:31:05.739765,2024-08-09T08:34:23.691205,237.5511,-2.3211,,trigger,,,,created_at_dossier_only,349.537570447486,dossier_only
GRB240811,grb,grb_named,False,,0,0,2,False,False,False,False,False,2024-08-11T14:08:02.701037,2024-08-11T14:11:31.576870,226.3734,28.8543,,trigger,,,,created_at_dossier_only,349.537570447486,dossier_only
GRB240824,grb,grb_named,False,,0,1,2,False,False,True,False,False,2024-08-24T01:04:22.272503,2024-08-24T09:53:08.562520,213.2032,63.737,,trigger,,,,created_at_dossier_only,349.537570447486,dossier_only
GRB240825,grb,grb_named,False,,0,0,2,False,False,False,False,False,2024-08-25T15:53:35.825009,2024-08-25T15:57:00.844203,344.5512,1.036,,trigger,,,,created_at_dossier_only,349.537570447486,dossier_only
GRB240829,grb,grb_named,False,,0,0,2,False,False,False,False,False,2024-08-29T03:57:15.609219,2024-08-29T04:00:23.900733,143.059,-18.728,,trigger,,,,created_at_dossier_only,349.537570447486,dossier_only
GRB240904,grb,grb_named,False,,0,0,2,False,False,True,False,False,2024-09-04T16:05:31.052611,2024-09-04T16:08:41.186524,136.44,-30.5064,,trigger,,,,created_at_dossier_only,349.537570447486,dossier_only
GRB240905,grb,grb_named,False,,0,5,2,False,False,True,True,False,2024-09-05T18:26:36.151985,2024-09-06T16:04:32.506908,345.8021,35.5227,,trigger,,,,created_at_dossier_only,349.537570447486,dossier_only
GRB240905A,grandma_base|grb,grb_named,False,,0,0,2,False,False,True,False,False,2024-09-05T10:02:48.279544,2024-09-05T10:02:48.279544,270.5,-24.7,,trigger,,,,created_at_dossier_only,349.537570447486,dossier_only
GRB240905B,grandma_base|grb,grb_named,False,,0,3,1,False,False,True,False,False,2024-09-05T10:04:51.075799,2024-09-05T16:37:46.632699,266.1,16.9,,trigger,,,,created_at_dossier_only,349.537570447486,dossier_only
GRB240905C,grandma_base|grb,grb_named,False,,0,0,2,False,False,True,False,False,2024-09-05T10:06:11.898732,2024-09-05T10:06:11.898732,173.4,-0.2,,trigger,,,,created_at_dossier_only,349.537570447486,dossier_only
GRB240905D,grandma_base|grb,grb_named,False,,0,2,2,False,False,True,False,False,2024-09-05T18:12:25.427296,2024-09-05T18:15:17.741762,215.1,-65.5,,trigger,,,,created_at_dossier_only,349.537570447486,dossier_only
GRB240911A,grandma_base|grb,grb_named,False,,0,4,2,False,False,True,True,False,2024-09-12T02:02:29.419466,2024-09-30T11:39:47.675892,351.3,21.33,,trigger,,,,created_at_dossier_only,349.537570447486,dossier_only
GRB240912,grandma_base|grb,grb_named,False,,0,1,2,False,False,True,True,False,2024-09-12T01:47:06.443486,2024-09-12T14:05:55.245723,124.63469,33.99901,,trigger,,,,created_at_dossier_only,349.537570447486,dossier_only
GRB240914A,grandma_base|grb,grb_named,False,,0,1,2,False,False,True,False,False,2024-09-14T14:33:19.287285,2024-09-14T14:34:54.875597,54.281,-35.027,,trigger,,,,created_at_dossier_only,349.537570447486,dossier_only
GRB241001A,grandma_base|grb,grb_named,True,60584.71449074,0,3,2,True,False,True,True,False,2024-10-01T17:54:48.087348,2025-10-07T05:17:50.700239,20.55296,-43.35883,,trigger,,,,skyportal_t0,0,phase_matching
GRB241002,grb,grb_named,False,,0,0,2,False,False,False,False,False,2024-10-02T00:51:00.209115,2024-10-02T01:03:32.452745,140.9547,39.8542,,trigger,,,,created_at_dossier_only,349.537570447486,dossier_only
GRB241002C,grandma_base|grb,grb_named,False,,0,0,2,False,False,True,False,False,2024-10-02T10:35:21.588775,2024-10-02T10:35:21.588775,62.45,-7.91,,trigger,,,,created_at_dossier_only,349.537570447486,dossier_only
GRB241006,grb,grb_named,False,,0,0,2,False,False,True,False,False,2024-10-06T21:53:34.240908,2024-10-06T21:55:53.658486,304.7942,-40.7959,,trigger,,,,created_at_dossier_only,349.537570447486,dossier_only
GRB241009A,grandma_base|grb,grb_named,False,,0,0,2,False,False,True,False,False,2024-10-09T04:25:02.014933,2024-10-09T04:25:02.014933,299.101,-17.37,,trigger,,,,created_at_dossier_only,349.537570447486,dossier_only
GRB241010,grb,grb_named,False,,0,0,2,False,False,True,False,False,2024-10-13T19:45:12.868412,2024-10-13T19:46:17.700650,153.3655,11.5439,,trigger,,,,created_at_dossier_only,349.537570447486,dossier_only
GRB241018A,grandma_base|grb,grb_named,False,,0,11,2,False,False,True,True,False,2024-10-18T13:55:06.405671,2024-10-20T22:37:14.038951,67.99725,43.020083,,trigger,,,,created_at_dossier_only,349.537570447486,dossier_only
GRB241026,grandma_base|grb,grb_named,True,60609.9462037,2,9,0,True,False,True,True,False,2024-10-26T22:43:24.545697,2025-07-24T09:17:27.729442,293.40025,57.9858444,2.791,trigger,,,,skyportal_t0,0,phase_matching
GRB241029A,grandma_base|grb,grb_named,False,,0,1,2,False,False,True,True,False,2024-10-29T08:47:57.179153,2024-10-29T11:21:05.618595,325.327,5.086,,trigger,,,,created_at_dossier_only,349.537570447486,dossier_only
GRB241030,grandma_base|grb,grb_named,True,60613.24170138889,1,6,2,True,True,True,True,False,2024-10-30T05:52:42.096180,2025-09-24T15:41:56.867943,343.13987,80.44996,1.411,trigger,,,,skyportal_t0,0,phase_matching
GRB241101,grb,grb_named,False,,0,0,2,False,False,True,False,False,2024-11-01T05:42:25.278876,2024-11-01T05:45:49.406629,204.3329,28.2635,,trigger,,,,created_at_dossier_only,349.537570447486,dossier_only
GRB241113,grb,grb_named,False,,0,0,2,False,False,True,False,False,2024-11-13T08:02:30.310851,2024-11-13T08:04:37.004853,16.5765,-22.667,,trigger,,,,created_at_dossier_only,349.537570447486,dossier_only
GRB241115,grb,grb_named,False,,0,1,2,False,False,False,False,False,2024-11-15T13:19:08.715849,2024-11-15T17:08:10.535936,86.765,-0.6625,,trigger,,,,created_at_dossier_only,349.537570447486,dossier_only
GRB241127,grandma_base|grb,grb_named,False,,0,3,2,False,True,True,True,False,2024-11-27T21:43:50.606294,2024-11-30T02:07:56.257143,327.911,-56.652,,trigger,,,,created_at_dossier_only,349.537570447486,dossier_only
GRB241128A,grandma_base|grb,grb_named,False,,0,1,2,False,False,True,True,False,2024-11-28T16:52:22.846141,2024-11-30T02:25:52.490478,273.72356,33.492,,trigger,,,,created_at_dossier_only,349.537570447486,dossier_only
GRB241206A,grandma_base|grb,grb_named,False,,0,3,1,False,False,True,False,False,2024-12-06T16:06:37.002475,2024-12-06T16:29:09.768096,300.1,300.11,,trigger,,,,created_at_dossier_only,349.537570447486,dossier_only
GRB241206B,grandma_base|grb,grb_named,False,,0,4,0,False,False,True,False,False,2024-12-06T16:31:16.533440,2024-12-06T19:28:07.715193,300.202,65.182,,trigger,,,,created_at_dossier_only,349.537570447486,dossier_only
GRB241209,grb,grb_named,False,,0,0,2,False,False,False,False,False,2024-12-09T05:39:19.092838,2024-12-09T05:40:03.613943,155.3758,6.316,,trigger,,,,created_at_dossier_only,349.537570447486,dossier_only
GRB241209A,grandma_base|grb,grb_named,False,,0,5,2,False,False,True,True,False,2024-12-09T04:45:57.970026,2024-12-10T20:36:40.035810,194.63185,76.17637,,trigger,,,,created_at_dossier_only,349.537570447486,dossier_only
GRB241209B,grandma_base|grb,grb_named,False,,0,1,1,False,False,False,True,False,2024-12-11T15:14:39.155356,2024-12-12T12:24:56.266794,194.63406,76.17617,,trigger,,,,created_at_dossier_only,349.537570447486,dossier_only
GRB241212A,grandma_base|grb,grb_named,False,,0,2,2,False,False,True,False,False,2024-12-12T10:20:38.946057,2024-12-12T11:12:33.043111,45.119,6.701,,trigger,,,,created_at_dossier_only,349.537570447486,dossier_only
GRB241213,grandma_base|grb,grb_named,False,,0,0,2,True,False,True,False,False,2024-12-13T02:19:36.323679,2026-06-17T11:21:16.089321,116.1479,35.2804,,trigger,,,,created_at_dossier_only,349.537570447486,dossier_only
GRB241217A_SVOM,grandma_base|grb,grb_named,False,,0,0,2,True,False,True,False,False,2024-12-17T17:55:07.525031,2026-06-17T09:14:07.467323,84.14999999999999,-25.2925,,trigger,,,,created_at_dossier_only,349.537570447486,dossier_only
GRB241228,grb,grb_named,False,,0,0,2,False,False,False,False,False,2024-12-28T03:57:57.869847,2024-12-28T04:01:21.045517,344.824,18.604,,trigger,,,,created_at_dossier_only,349.537570447486,dossier_only
GRB241229,grandma_base|grb,grb_named,False,,0,0,2,True,False,True,False,False,2024-12-29T01:37:03.815646,2026-06-17T09:14:42.093181,274.1491,74.7138,,trigger,,,,created_at_dossier_only,349.537570447486,dossier_only
GRB250101,grb,grb_named,False,,0,0,2,False,False,False,False,False,2025-01-01T13:23:47.437363,2025-01-01T13:26:45.622591,37.0612,19.154,,trigger,,,,created_at_dossier_only,349.537570447486,dossier_only
GRB250103,grb,grb_named,False,,0,0,2,False,False,False,False,False,2025-01-03T15:45:47.114083,2025-01-03T15:48:29.227139,54.6515,-33.7719,,trigger,,,,created_at_dossier_only,349.537570447486,dossier_only
GRB250108,grb,grb_named,False,,0,0,2,False,False,False,False,False,2025-01-08T10:24:01.095582,2025-01-08T10:27:21.678992,201.2974,25.6127,,trigger,,,,created_at_dossier_only,349.537570447486,dossier_only
GRB250114,grandma_base|grb,grb_named,True,60689.31480324,1,4,3,True,False,True,True,False,2025-01-14T07:34:14.636316,2026-07-15T16:32:39.626692,166.57679,-15.11159,4.732,trigger,,,,skyportal_t0,0,phase_matching
GRB250116,grb,grb_named,False,,0,0,2,False,False,False,False,False,2025-01-16T21:32:07.133105,2025-01-16T21:36:53.286141,339.6359,3.0738,,trigger,,,,created_at_dossier_only,349.537570447486,dossier_only
GRB250128,grb,grb_named,False,,0,0,0,False,False,False,False,False,2025-01-28T16:23:25.543968,2025-01-28T16:23:25.543968,231.4198,-0.5171,,trigger,,,,created_at_dossier_only,349.537570447486,dossier_only
GRB250129,grb,grb_named,False,,0,2,0,False,False,False,False,False,2025-01-29T04:46:42.821509,2025-01-29T13:01:30.338155,198.6894,5.0387,,trigger,,,,created_at_dossier_only,349.537570447486,dossier_only
GRB250207A,grandma_base|grb,grb_named,False,,0,1,4,False,False,True,True,False,2025-02-07T02:43:44.043763,2025-02-07T13:31:51.322246,16.08919,-12.16458,,trigger,,,,created_at_dossier_only,349.537570447486,dossier_only
GRB250219A,grandma_base|grb,grb_named,False,,0,6,2,False,False,True,True,False,2025-02-19T16:57:37.003252,2025-02-21T02:58:34.760944,173.278,22.684,,trigger,,,,created_at_dossier_only,349.537570447486,dossier_only
GRB250221A,grandma_base|grb,grb_named,True,60727.14903935,2,10,3,False,False,True,True,False,2025-02-21T04:28:01.553904,2026-07-15T12:53:36.046513,59.4766667,-15.136611,0.768,trigger,,,,skyportal_t0,0,phase_matching
GRB250226A,grandma_base|grb,grb_named,True,60732.27427083,1,28,3,True,True,True,True,False,2025-02-26T11:15:52.235973,2025-07-17T15:26:28.374340,224.26512499999998,20.975641666666665,3.315,trigger,,,,skyportal_t0,0,phase_matching
GRB250306A,grandma_base|grb,grb_named,False,,0,1,0,False,False,False,False,False,2025-03-07T06:09:50.730148,2025-03-12T17:20:35.840164,354.7291666666667,-47.99305555555556,,trigger,,,,created_at_dossier_only,349.537570447486,dossier_only
GRB250309B,grandma_base|grb,grb_named,True,60743.31841042,1,1,2,False,True,True,True,False,2025-03-09T16:02:40.577116,2025-03-14T20:45:28.408555,210.80129,-8.50302,1.898,trigger,,,,skyportal_t0,0,phase_matching
GRB250311B,grandma_base|grb,grb_named,False,,0,1,0,False,False,True,False,False,2025-03-11T09:11:25.794014,2025-03-12T17:22:48.981845,146.884833,29.89072777,,trigger,,,,created_at_dossier_only,349.537570447486,dossier_only
GRB250312A,grandma_base|grb,grb_named,False,,0,1,0,False,False,False,False,False,2025-03-12T13:53:14.802080,2025-03-12T17:24:06.120847,29.519125,-42.396,,trigger,,,,created_at_dossier_only,349.537570447486,dossier_only
GRB250316A,grandma_base|grb,grb_named,True,60750.37496528,2,0,3,False,False,True,True,False,2025-03-17T00:56:20.198273,2025-03-18T19:05:36.721287,219.59644,14.89108,,trigger,,,,skyportal_t0,0,phase_matching
GRB250317B,grandma_base|grb,grb_named,True,60751.09168981,1,4,4,False,False,True,True,False,2025-03-17T07:05:31.067250,2025-04-08T20:50:03.107685,211.64367,40.07953,3.44,trigger,,,,skyportal_t0,0,phase_matching
GRB250317C,grandma_base|grb,grb_named,False,,0,1,0,False,False,False,False,False,2025-03-19T04:33:26.335042,2025-03-19T05:52:53.371553,320.42,-16.07,,trigger,,,,created_at_dossier_only,349.537570447486,dossier_only
GRB250319B,grandma_base|grb,grb_named,True,60753.21352905,0,0,4,False,False,True,False,False,2025-03-19T16:19:19.461175,2025-03-19T16:46:50.287073,246.18,-70.9,,trigger,,,,skyportal_t0,0,phase_matching
GRB250320A,grandma_base|grb,grb_named,False,,0,0,0,False,False,False,False,False,2025-03-20T09:07:52.790815,2025-03-20T09:08:08.629709,263.0,47.3,,trigger,,,,created_at_dossier_only,349.537570447486,dossier_only
GRB250320B,grandma_base|grb,grb_named,False,,0,0,0,False,False,True,False,False,2025-03-21T00:52:56.407852,2025-03-21T00:52:56.407852,249.2,-21.8,,trigger,,,,created_at_dossier_only,349.537570447486,dossier_only
GRB250321A,grandma_base|grb,grb_named,False,,0,0,0,False,False,True,True,False,2025-03-21T01:02:53.925463,2025-03-21T01:02:53.925463,299.0,17.1,,trigger,,,,created_at_dossier_only,349.537570447486,dossier_only
GRB250321C,grandma_base|grb,grb_named,False,,0,0,0,False,False,True,False,False,2025-03-21T22:57:23.271383,2025-03-21T22:57:23.271383,89.3,-28.5,,trigger,,,,created_at_dossier_only,349.537570447486,dossier_only
GRB250322A,grandma_base|grb,grb_named,True,60756.67097222,0,3,2,False,False,True,True,False,2025-03-22T16:45:38.190773,2025-03-22T17:57:46.112533,106.76025,7.19285,,trigger,,,,skyportal_t0,0,phase_matching
GRB250328A,grandma_base|grb,grb_named,True,60762.70620718,0,1,3,False,False,True,False,False,2025-03-28T17:18:55.551643,2025-03-28T19:41:45.209170,215.9771,25.8825,,trigger,,,,skyportal_t0,0,phase_matching
GRB250329B,grandma_base|grb,grb_named,False,,0,0,0,False,False,True,False,False,2025-03-29T14:24:52.136650,2025-03-29T14:24:52.136650,207.6731,52.8853,,trigger,,,,created_at_dossier_only,349.537570447486,dossier_only
GRB250702,grb,grb_named,False,,0,0,0,False,False,False,False,False,2025-07-02T21:42:40.231082,2025-07-02T21:42:40.231082,286.0,-8.7,,trigger,,,,created_at_dossier_only,349.537570447486,dossier_only
GRB250725A,grb,grb_named,True,60881.0775,0,2,0,False,True,True,True,False,2025-07-25T02:21:28.357909,2025-07-25T09:50:53.772667,35.47933,-82.79122,,trigger,,,,skyportal_t0,0,phase_matching
GRB250728A,grandma_base|grb,grb_named,True,60884.39288854,0,2,0,False,False,True,True,False,2025-07-28T13:22:43.627275,2025-07-29T02:20:00.469232,260.945,16.2049,,trigger,,,,skyportal_t0,0,phase_matching
GRB250804B,grandma_base|grb,grb_named,True,60891.19781944,0,0,3,False,False,True,False,False,2025-08-04T19:13:51.786422,2025-08-04T20:15:57.267407,36.3,-42.1,,trigger,,,,skyportal_t0,0,phase_matching
GRB260611A,grb,grb_named,True,61202.33351852,0,1,0,False,False,False,False,False,2026-06-11T12:25:08.734260,2026-06-11T12:32:10.179713,126.4,-41.2,,trigger,,,,skyportal_t0,0,phase_matching
GRB260709A,grandma_base|grb,grb_named,True,61230.0471169,0,3,1,True,False,True,False,False,2026-07-12T12:06:15.888396,2026-07-12T12:52:41.979610,84.1,74.0,,trigger,,,,skyportal_t0,0,phase_matching
GRB_250205A,grandma_base|grb,grb_named,True,60711.89210648148,1,1,2,False,False,True,True,False,2025-02-06T05:44:19.134500,2025-11-24T15:53:02.311999,113.5125,32.371944444444445,3.55,trigger,,,,skyportal_t0,0,phase_matching
GRB_250215A,grandma_base|grb,grb_named,False,,0,0,2,False,False,True,False,False,2025-02-15T12:33:03.156779,2025-02-15T12:33:03.156779,156.33116666666666,-27.698333333333334,,trigger,,,,created_at_dossier_only,349.537570447486,dossier_only
GRB_260618C,grandma_base|grb,grb_named,True,61209.16836,0,1,0,True,False,True,False,False,2026-06-23T13:25:59.233443,2026-06-23T13:50:36.136889,294.93291666666664,-65.71000000000001,,trigger,,,,skyportal_t0,0,phase_matching
HyperLEDA80488,grandma_base,other,False,,0,0,1,False,False,False,False,False,2024-04-24T09:54:57.916556,2024-04-24T09:54:57.916556,123.465,-29.125,,first_detection,,,,created_at_dossier_only,17572.1447668205,dossier_only
HyperLEDA_80743,grandma_base,other,False,,0,0,1,False,False,False,False,False,2024-04-23T16:08:08.729555,2024-04-23T16:08:08.729555,124.117,-27.806,,first_detection,,,,created_at_dossier_only,17572.1447668205,dossier_only
INTEGRAL-GRB231115A,grandma_base|grb,other,False,,0,0,2,True,False,True,False,False,2023-11-15T17:18:08.075642,2025-11-24T09:01:08.712426,149.000901,69.68013,,first_detection,,,,created_at_dossier_only,17572.1447668205,dossier_only
IceCube-250302A,grandma_base,other,True,60736.13950116,0,5,3,False,False,True,False,False,2025-03-03T14:30:44.822518,2025-03-03T16:44:38.523961,348.05,3.77,,first_detection,,,,skyportal_t0,0,phase_matching
IceCubeCascade+Tracks241019A,grandma_base,other,False,,0,1,1,False,False,True,False,False,2024-10-22T10:01:18.099769,2024-10-22T10:04:53.902190,171.4,-16.6,,first_detection,,,,created_at_dossier_only,17572.1447668205,dossier_only
IceCubeCascade240714A,grandma_base,other,False,,0,1,2,False,False,True,True,False,2024-07-16T11:56:11.956837,2024-07-17T19:30:07.138934,243.28,-36.61,,first_detection,,,,created_at_dossier_only,17572.1447668205,dossier_only
J-GEM24a,grandma_base,other,False,,0,0,0,False,False,True,True,False,2024-04-27T13:27:17.265382,2024-04-27T13:27:17.265382,122.215846,-24.516465,,first_detection,,,,created_at_dossier_only,17572.1447668205,dossier_only
J2151_0220,grandma_base,other,False,,0,0,1,False,False,True,True,False,2024-04-29T20:07:56.122159,2024-04-29T20:07:56.122159,327.83,2.34,,first_detection,,,,created_at_dossier_only,17572.1447668205,dossier_only
Mag24a,grandma_base,other,False,,0,0,1,False,False,True,False,False,2024-04-24T09:13:23.706056,2024-04-24T09:13:23.706056,119.02333333333334,-22.898333333333333,,first_detection,,,,created_at_dossier_only,17572.1447668205,dossier_only
Makes01,grandma_base,other,False,,0,0,1,False,False,False,False,False,2024-04-24T17:05:03.727139,2024-04-24T17:05:03.727139,119.64695708333333,-34.33717444444445,,first_detection,,,,created_at_dossier_only,17572.1447668205,dossier_only
OGRB240911A,grandma_base|grb,other,False,,0,0,2,False,False,True,False,False,2024-09-21T04:28:01.604971,2024-09-21T04:28:01.604971,351.2028,21.73998,,first_detection,,,,created_at_dossier_only,17572.1447668205,dossier_only
PKS0446+11,grandma_base,other,False,,0,0,2,False,False,True,True,False,2024-01-11T15:08:23.583836,2024-01-11T15:08:23.583836,72.281963,11.357944,,first_detection,,,,created_at_dossier_only,17572.1447668205,dossier_only
PKS2047+098,grandma_base,other,False,,0,0,2,False,False,True,False,False,2023-12-14T14:22:52.638761,2023-12-14T14:22:52.638761,312.441104,10.053999,,first_detection,,,,created_at_dossier_only,17572.1447668205,dossier_only
S230627c,grandma_base,other,False,,0,1,2,False,False,True,False,False,2023-06-27T03:38:49.339986,2023-06-27T03:45:54.641745,160.9091,47.3196,,first_detection,,,,created_at_dossier_only,17572.1447668205,dossier_only
S230628ax,grandma_base,other,False,,0,1,1,False,False,True,False,False,2023-06-29T03:47:05.408604,2023-06-29T03:50:28.137948,0.0,0.0,,first_detection,,,,created_at_dossier_only,17572.1447668205,dossier_only
S230726b,grandma_base,other,False,,0,0,2,False,False,True,False,False,2023-07-26T07:07:33.160268,2023-07-26T07:07:33.160268,131.82,1.68,,first_detection,,,,created_at_dossier_only,17572.1447668205,dossier_only
S240422ed_X101,grandma_base,other,False,,0,0,1,False,False,True,False,False,2024-04-24T09:10:26.916983,2024-04-24T09:10:26.916983,122.3954,-24.3272,,first_detection,,,,created_at_dossier_only,17572.1447668205,dossier_only
S240422ed_X190,grandma_base,other,False,,0,0,1,False,False,True,False,False,2024-04-24T09:11:47.578397,2024-04-24T09:11:47.578397,121.277,-26.1203,,first_detection,,,,created_at_dossier_only,17572.1447668205,dossier_only
S240422ed_X255,grandma_base,other,False,,0,1,0,False,True,True,False,False,2024-04-27T09:07:58.626019,2024-05-01T18:53:04.091689,121.85742,-29.4593,,first_detection,,,,created_at_dossier_only,17572.1447668205,dossier_only
S240422ed_X61,grandma_base,other,False,,0,0,1,False,False,True,False,False,2024-04-24T09:04:14.705866,2024-04-24T09:04:14.705866,120.3245,-28.1765,,first_detection,,,,created_at_dossier_only,17572.1447668205,dossier_only
S24082808,grandma_base,other,False,,0,6,1,True,False,True,True,False,2024-08-28T15:13:39.306793,2026-06-17T09:04:20.464661,63.45995,16.71561,,first_detection,,,,created_at_dossier_only,17572.1447668205,dossier_only
S241125n+Swift,grandma_base,other,False,,0,0,2,False,False,True,True,False,2024-11-25T19:20:56.384012,2024-11-25T19:20:56.384012,58.079,69.68900000000001,,first_detection,,,,created_at_dossier_only,17572.1447668205,dossier_only
S250105bn,grandma_base,other,False,,0,1,1,False,False,True,True,False,2025-01-20T08:28:23.463879,2025-01-20T08:39:54.846823,352.11,-16.39,,first_detection,,,,created_at_dossier_only,17572.1447668205,dossier_only
S250206dm,grandma_base,other,False,,0,0,1,False,False,True,False,False,2025-02-06T21:54:24.307829,2025-04-08T20:31:30.616277,7.91015625,38.77782085040028,,first_detection,,,,created_at_dossier_only,17572.1447668205,dossier_only
S250223dk,grandma_base,other,False,,0,1,0,False,False,True,False,False,2025-02-24T06:28:46.653611,2025-02-24T06:29:41.638699,85.341,-47.554,,first_detection,,,,created_at_dossier_only,17572.1447668205,dossier_only
S250830bp-tile1TCH,grandma_base,other,False,,0,0,0,False,False,True,False,False,2025-08-30T11:08:27.191704,2025-08-30T11:08:27.191704,327.2727,-77.2727,,first_detection,,,,created_at_dossier_only,17572.1447668205,dossier_only
S250830bp-tile1TRE,grandma_base,other,False,,0,0,0,False,False,True,False,False,2025-08-30T11:03:16.578497,2025-08-30T11:03:16.578497,320.0,-77.7273,,first_detection,,,,created_at_dossier_only,17572.1447668205,dossier_only
S250830bp-tile2TCH,grandma_base,other,False,,0,0,0,False,False,False,False,False,2025-08-30T11:10:51.834459,2025-08-30T11:10:51.834459,319.0909,-77.2727,,first_detection,,,,created_at_dossier_only,17572.1447668205,dossier_only
S251112cm-TCA4647,grandma_base,other,False,,0,2,0,False,False,True,True,False,2025-11-12T17:06:51.666093,2025-11-12T21:06:29.831116,346.6667,-13.9175,,first_detection,,,,created_at_dossier_only,17572.1447668205,dossier_only
S251112cm-TRE1003,grandma_base,other,False,,0,2,0,False,False,True,False,False,2025-11-12T17:04:28.725949,2025-11-12T20:41:01.221457,347.4419,-12.2727,,first_detection,,,,created_at_dossier_only,17572.1447668205,dossier_only
S251112cm-TRE454,grandma_base,other,False,,0,1,0,False,False,True,True,False,2025-11-12T17:14:44.366490,2025-11-12T21:00:30.815219,5.1429,-36.8182,,first_detection,,,,created_at_dossier_only,17572.1447668205,dossier_only
S251112cm-TRE834,grandma_base,other,False,,0,1,0,True,False,True,True,False,2025-11-12T17:07:38.058501,2025-11-12T20:56:39.423958,351.2195,-20.4546,,first_detection,,,,created_at_dossier_only,17572.1447668205,dossier_only
S251112cm-TRE917,grandma_base,other,False,,0,3,0,True,False,True,True,False,2025-11-12T17:04:55.832502,2025-11-13T08:57:12.129764,347.1429,-16.3636,,first_detection,,,,created_at_dossier_only,17572.1447668205,dossier_only
S251112cm_ESO_197-G_021,grandma_base,other,False,,0,0,0,True,False,True,True,False,2025-11-13T11:47:57.935664,2025-11-13T17:50:12.116759,31.13585,-52.17213,,first_detection,,,,created_at_dossier_only,17572.1447668205,dossier_only
S251112cm_IC_1633,grandma_base,other,False,,0,0,0,True,False,True,True,False,2025-11-13T11:46:27.080545,2025-11-13T17:50:37.437727,17.48145,-45.93116,,first_detection,,,,created_at_dossier_only,17572.1447668205,dossier_only
S251112cm_Makes1,grandma_base,other,False,,0,1,0,False,False,True,False,False,2025-11-12T21:42:42.315060,2025-11-14T19:33:06.234575,346.6637,-13.5166,,first_detection,,,,created_at_dossier_only,17572.1447668205,dossier_only
S251112cm_Makes12,grandma_base,other,False,,0,1,0,True,False,True,False,False,2025-11-12T21:46:22.102540,2025-11-14T19:18:26.133596,346.4797,-12.8985,,first_detection,,,,created_at_dossier_only,17572.1447668205,dossier_only
S251112cm_Makes17,grandma_base,other,False,,0,2,0,False,False,True,False,False,2025-11-12T21:55:56.688975,2025-11-14T18:44:45.173272,345.1171,-9.8868,,first_detection,,,,created_at_dossier_only,17572.1447668205,dossier_only
S251112cm_Makes19,grandma_base,other,False,,0,2,0,True,False,True,False,False,2025-11-12T22:00:20.470947,2025-11-14T18:45:42.657679,346.2832,-10.718,,first_detection,,,,created_at_dossier_only,17572.1447668205,dossier_only
S251112cm_Makes21,grandma_base,other,False,,0,1,0,True,False,True,False,False,2025-11-12T21:57:38.093663,2025-11-14T18:46:21.225902,347.6581,-12.4253,,first_detection,,,,created_at_dossier_only,17572.1447668205,dossier_only
S251112cm_Makes29,grandma_base,other,False,,0,0,0,True,False,False,False,False,2025-11-12T21:59:25.626660,2025-11-14T18:39:51.011560,75.0855,-52.8826,,first_detection,,,,created_at_dossier_only,17572.1447668205,dossier_only
S251112cm_Makes3,grandma_base,other,False,,0,1,0,True,False,True,False,False,2025-11-12T22:01:51.320552,2025-11-14T18:40:09.365825,3.3816,-35.4697,,first_detection,,,,created_at_dossier_only,17572.1447668205,dossier_only
S251112cm_Makes33,grandma_base,other,False,,0,1,0,False,False,True,False,False,2025-11-12T21:40:23.323155,2025-11-14T18:47:13.343009,347.81,-15.2421,,first_detection,,,,created_at_dossier_only,17572.1447668205,dossier_only
S251112cm_Makes4,grandma_base,other,False,,0,2,0,True,False,True,False,False,2025-11-12T21:54:52.491479,2025-11-14T19:06:28.677603,347.509,-14.9649,,first_detection,,,,created_at_dossier_only,17572.1447668205,dossier_only
S251112cm_Makes5,grandma_base,other,False,,0,2,0,True,False,True,False,False,2025-11-12T21:50:38.258755,2025-11-14T19:07:56.392141,346.6551,-13.2465,,first_detection,,,,created_at_dossier_only,17572.1447668205,dossier_only
S251112cm_Makes63,grandma_base,other,False,,0,2,0,False,False,True,False,False,2025-11-12T21:41:09.219934,2025-11-14T18:48:25.791061,75.0956,-52.6457,,first_detection,,,,created_at_dossier_only,17572.1447668205,dossier_only
S251112cm_Makes81,grandma_base,other,False,,0,1,0,True,False,True,False,False,2025-11-12T22:00:52.591683,2025-11-14T18:49:06.095738,344.9059,-9.4138,,first_detection,,,,created_at_dossier_only,17572.1447668205,dossier_only
S251112cm_Makes88,grandma_base,other,False,,0,1,0,True,False,True,False,False,2025-11-12T21:48:17.700677,2025-11-14T19:17:56.246254,347.4839,-17.2631,,first_detection,,,,created_at_dossier_only,17572.1447668205,dossier_only
S251112cm_Makes95,grandma_base,other,False,,0,1,0,True,False,True,False,False,2025-11-12T21:51:50.681096,2025-11-14T19:07:22.907917,347.4515,-16.8906,,first_detection,,,,created_at_dossier_only,17572.1447668205,dossier_only
S251112cm_NGC_0010,grandma_base,other,False,,0,0,0,True,False,True,True,False,2025-11-13T11:48:40.275552,2025-11-13T17:51:14.509153,2.14394,-33.85835,,first_detection,,,,created_at_dossier_only,17572.1447668205,dossier_only
S251112cm_TCA10010,grandma_base,other,False,,0,0,0,True,False,True,True,False,2025-11-13T06:10:38.381364,2025-11-13T08:21:17.926252,171.31,41.753,,first_detection,,,,created_at_dossier_only,17572.1447668205,dossier_only
S251112cm_TCA10011,grandma_base,other,False,,0,0,0,True,False,True,True,False,2025-11-13T12:07:02.477547,2025-11-13T18:18:25.418552,173.793,41.753,,first_detection,,,,created_at_dossier_only,17572.1447668205,dossier_only
S251112cm_TCA10154,grandma_base,other,False,,0,0,0,False,False,True,False,False,2025-11-12T21:20:52.301581,2025-11-12T22:07:15.993267,173.617,43.6,,first_detection,,,,created_at_dossier_only,17572.1447668205,dossier_only
S251112cm_TCA10293,grandma_base,other,False,,0,1,0,True,False,True,True,False,2025-11-13T06:07:39.027915,2025-11-13T07:06:17.664828,174.706,45.464,,first_detection,,,,created_at_dossier_only,17572.1447668205,dossier_only
S251112cm_TCA10294,grandma_base,other,False,,0,1,0,True,False,True,True,False,2025-11-13T09:13:25.004719,2025-11-13T18:12:43.014062,177.353,45.464,,first_detection,,,,created_at_dossier_only,17572.1447668205,dossier_only
S251112cm_TCA10428,grandma_base,other,False,,0,1,0,False,False,True,True,False,2025-11-13T06:08:17.564740,2025-11-13T08:16:44.636905,177.273,47.32,,first_detection,,,,created_at_dossier_only,17572.1447668205,dossier_only
S251112cm_TCA10558,grandma_base,other,False,,0,0,0,False,False,True,True,False,2025-11-13T09:09:49.621698,2025-11-13T09:09:49.621698,178.583,49.175,,first_detection,,,,created_at_dossier_only,17572.1447668205,dossier_only
S251112cm_TCA10683,grandma_base,other,False,,0,1,0,True,False,True,True,False,2025-11-13T12:07:02.269785,2025-11-13T18:07:16.524185,180.0,51.031,,first_detection,,,,created_at_dossier_only,17572.1447668205,dossier_only
S251112cm_TCA10684,grandma_base,other,False,,0,1,0,True,False,True,True,False,2025-11-13T06:12:00.561192,2025-11-13T08:40:42.455405,182.951,51.031,,first_detection,,,,created_at_dossier_only,17572.1447668205,dossier_only
S251112cm_TCA10804,grandma_base,other,False,,0,2,0,True,False,True,True,False,2025-11-13T06:06:21.307495,2025-11-13T07:04:20.631305,184.615,52.887,,first_detection,,,,created_at_dossier_only,17572.1447668205,dossier_only
S251112cm_TCA10919,grandma_base,other,False,,0,1,0,False,False,True,True,False,2025-11-13T06:52:56.320406,2025-11-13T06:55:50.942275,186.429,54.742,,first_detection,,,,created_at_dossier_only,17572.1447668205,dossier_only
S251112cm_TCA11029,grandma_base,other,False,,0,1,0,True,False,True,True,False,2025-11-13T12:07:03.059472,2025-11-13T18:23:19.197581,188.411,56.598,,first_detection,,,,created_at_dossier_only,17572.1447668205,dossier_only
S251112cm_TCA4087,grandma_base,other,False,,0,2,0,True,False,True,False,False,2025-11-13T06:07:02.482962,2025-11-13T07:00:59.795927,350.217,-19.484,,first_detection,,,,created_at_dossier_only,17572.1447668205,dossier_only
S251112cm_TCA4272,grandma_base,other,False,,0,0,0,False,False,True,True,False,2025-11-13T06:18:05.534888,2025-11-13T06:18:05.534888,348.387,-17.629,,first_detection,,,,created_at_dossier_only,17572.1447668205,dossier_only
S251112cm_TCA4458,grandma_base,other,False,,0,1,0,True,False,False,False,False,2025-11-13T06:11:17.787801,2025-11-13T18:15:19.516319,346.524,-15.773,,first_detection,,,,created_at_dossier_only,17572.1447668205,dossier_only
S251112cm_TCA4459,grandma_base,other,False,,0,2,0,True,False,True,True,False,2025-11-12T21:18:44.412337,2025-11-12T22:03:49.117455,348.449,-15.773,,first_detection,,,,created_at_dossier_only,17572.1447668205,dossier_only
S251112cm_TCA4648,grandma_base,other,False,,0,0,0,False,False,True,True,False,2025-11-13T06:22:28.761440,2025-11-13T06:22:28.761440,348.571,-13.918,,first_detection,,,,created_at_dossier_only,17572.1447668205,dossier_only
S251112cm_TCA4837,grandma_base,other,False,,0,1,0,True,False,True,True,False,2025-11-13T06:05:22.917891,2025-11-13T06:58:43.985793,344.922,-12.062,,first_detection,,,,created_at_dossier_only,17572.1447668205,dossier_only
S251112cm_TCA4838,grandma_base,other,False,,0,2,0,True,False,True,True,False,2025-11-12T21:19:18.301719,2025-11-12T22:04:25.706532,346.806,-12.062,,first_detection,,,,created_at_dossier_only,17572.1447668205,dossier_only
S251112cm_TCA4839,grandma_base,other,False,,0,1,0,True,False,False,False,False,2025-11-13T12:07:02.859265,2025-11-13T18:26:01.748009,348.691,-12.062,,first_detection,,,,created_at_dossier_only,17572.1447668205,dossier_only
S251112cm_TCA5029,grandma_base,other,False,,0,2,0,False,False,True,True,False,2025-11-12T21:19:56.704034,2025-11-14T15:31:36.633720,345.157,-10.273,,first_detection,,,,created_at_dossier_only,17572.1447668205,dossier_only
S251112cm_TCA5030,grandma_base,other,False,,0,1,0,True,False,False,False,False,2025-11-13T12:07:02.668642,2025-11-13T18:26:29.173776,346.875,-10.206,,first_detection,,,,created_at_dossier_only,17572.1447668205,dossier_only
S251112cm_TCH1186,grandma_base,other,False,,0,1,0,True,False,False,False,False,2025-11-13T10:20:04.594254,2025-11-13T17:57:33.277081,76.271,-53.636,,first_detection,,,,created_at_dossier_only,17572.1447668205,dossier_only
S251112cm_TCH1291,grandma_base,other,False,,0,1,0,True,False,False,False,False,2025-11-13T10:20:04.164419,2025-11-13T17:54:34.638490,35.122,-51.818,,first_detection,,,,created_at_dossier_only,17572.1447668205,dossier_only
S251112cm_TCH1305,grandma_base,other,False,,0,1,0,True,False,True,True,False,2025-11-13T10:20:02.093612,2025-11-13T16:05:39.585746,76.098,-51.818,,first_detection,,,,created_at_dossier_only,17572.1447668205,dossier_only
S251112cm_TCH1948,grandma_base,other,False,,0,1,0,True,False,False,False,False,2025-11-13T10:20:05.060339,2025-11-13T18:00:51.335285,12.329,-42.727,,first_detection,,,,created_at_dossier_only,17572.1447668205,dossier_only
S251112cm_TCH2243,grandma_base,other,False,,0,1,0,True,False,False,False,False,2025-11-13T10:20:05.260981,2025-11-13T18:01:36.892815,6.968,-39.091,,first_detection,,,,created_at_dossier_only,17572.1447668205,dossier_only
S251112cm_TCH2396,grandma_base,other,False,,0,1,0,True,False,False,False,False,2025-11-13T10:20:04.377745,2025-11-13T17:56:05.693748,2.264,-37.273,,first_detection,,,,created_at_dossier_only,17572.1447668205,dossier_only
S251112cm_TCH2397,grandma_base,other,False,,0,1,0,True,False,True,True,False,2025-11-13T10:20:01.901057,2025-11-13T16:02:54.305996,4.528,-37.273,,first_detection,,,,created_at_dossier_only,17572.1447668205,dossier_only
S251112cm_TCH2555,grandma_base,other,False,,0,1,0,True,False,True,True,False,2025-11-13T10:20:00.511762,2025-11-13T11:00:44.238995,2.222,-35.455,,first_detection,,,,created_at_dossier_only,17572.1447668205,dossier_only
S251112cm_TCH2556,grandma_base,other,False,,0,1,0,True,False,False,False,False,2025-11-13T10:20:03.292014,2025-11-13T16:17:18.227472,4.444,-35.455,,first_detection,,,,created_at_dossier_only,17572.1447668205,dossier_only
S251112cm_TCH2716,grandma_base,other,False,,0,1,0,True,False,True,False,False,2025-11-13T10:20:02.897019,2025-11-13T16:13:25.305830,0.0,-33.636,,first_detection,,,,created_at_dossier_only,17572.1447668205,dossier_only
S251112cm_TCH2717,grandma_base,other,False,,0,1,0,True,False,True,True,False,2025-11-13T10:20:01.244033,2025-11-13T15:58:08.124701,2.169,-33.636,,first_detection,,,,created_at_dossier_only,17572.1447668205,dossier_only
S251112cm_TCH2882,grandma_base,other,False,,0,1,0,True,False,False,False,False,2025-11-13T10:20:03.726352,2025-11-13T17:47:51.996000,0.0,-31.818,,first_detection,,,,created_at_dossier_only,17572.1447668205,dossier_only
S251112cm_TCH3223,grandma_base,other,False,,0,1,0,True,False,False,False,False,2025-11-13T10:20:03.940533,2025-11-13T17:49:43.233820,357.919,-30.0,,first_detection,,,,created_at_dossier_only,17572.1447668205,dossier_only
S251112cm_TCH3940,grandma_base,other,False,,0,2,0,True,False,False,False,False,2025-11-13T10:20:03.088289,2025-11-13T16:16:20.247701,352.174,-22.727,,first_detection,,,,created_at_dossier_only,17572.1447668205,dossier_only
S251112cm_TCH4125,grandma_base,other,False,,0,1,0,False,False,True,True,False,2025-11-13T10:20:01.019242,2025-11-13T15:56:18.485206,350.323,-20.909,,first_detection,,,,created_at_dossier_only,17572.1447668205,dossier_only
S251112cm_TCH4313,grandma_base,other,False,,0,1,0,True,False,True,False,False,2025-11-13T10:20:02.294672,2025-11-13T16:09:38.721538,348.571,-19.091,,first_detection,,,,created_at_dossier_only,17572.1447668205,dossier_only
S251112cm_TCH4314,grandma_base,other,False,,0,1,0,True,False,True,True,False,2025-11-13T10:20:00.320557,2025-11-13T10:58:36.008655,350.476,-19.091,,first_detection,,,,created_at_dossier_only,17572.1447668205,dossier_only
S251112cm_TCH4502,grandma_base,other,False,,0,1,0,True,False,False,False,False,2025-11-13T10:20:04.882230,2025-11-13T18:00:18.313026,346.737,-17.273,,first_detection,,,,created_at_dossier_only,17572.1447668205,dossier_only
S251112cm_TCH4503,grandma_base,other,False,,0,1,0,True,False,True,True,False,2025-11-13T10:19:59.130911,2025-11-13T10:46:29.811089,348.632,-17.273,,first_detection,,,,created_at_dossier_only,17572.1447668205,dossier_only
S251112cm_TCH4504,grandma_base,other,False,,0,1,0,True,False,True,False,False,2025-11-13T10:20:02.480700,2025-11-13T16:10:31.388100,350.526,-17.273,,first_detection,,,,created_at_dossier_only,17572.1447668205,dossier_only
S251112cm_TCH4694,grandma_base,other,False,,0,1,0,False,False,True,True,False,2025-11-13T10:19:59.884173,2025-11-13T10:54:34.101401,346.875,-15.455,,first_detection,,,,created_at_dossier_only,17572.1447668205,dossier_only
S251112cm_TCH4695,grandma_base,other,False,,0,1,0,True,False,True,True,False,2025-11-13T10:19:59.587747,2025-11-13T10:51:29.795906,348.75,-15.455,,first_detection,,,,created_at_dossier_only,17572.1447668205,dossier_only
S251112cm_TCH4887,grandma_base,other,False,,0,1,0,True,False,True,True,False,2025-11-13T10:20:01.455536,2025-11-13T16:00:55.425508,345.155,-13.636,,first_detection,,,,created_at_dossier_only,17572.1447668205,dossier_only
S251112cm_TCH4888,grandma_base,other,False,,0,2,0,True,False,False,False,False,2025-11-13T10:19:58.688469,2025-11-13T18:04:28.051577,347.01,-13.636,,first_detection,,,,created_at_dossier_only,17572.1447668205,dossier_only
S251112cm_TCH4889,grandma_base,other,False,,0,1,0,True,False,True,True,False,2025-11-13T10:20:00.790513,2025-11-13T11:02:43.135831,348.866,-13.636,,first_detection,,,,created_at_dossier_only,17572.1447668205,dossier_only
S251112cm_TCH5082,grandma_base,other,False,,0,1,0,True,False,False,False,False,2025-11-13T10:19:58.920657,2025-11-13T18:04:05.926009,345.231,-11.818,,first_detection,,,,created_at_dossier_only,17572.1447668205,dossier_only
S251112cm_TCH5083,grandma_base,other,False,,0,1,0,True,False,True,True,False,2025-11-13T10:19:59.387450,2025-11-13T10:47:19.708308,347.077,-11.818,,first_detection,,,,created_at_dossier_only,17572.1447668205,dossier_only
S251112cm_TCH5084,grandma_base,other,False,,0,1,0,False,False,False,False,False,2025-11-13T10:20:02.687619,2025-11-13T16:12:47.037013,348.923,-11.818,,first_detection,,,,created_at_dossier_only,17572.1447668205,dossier_only
S251112cm_TCH5278,grandma_base,other,False,,0,1,0,True,False,True,True,False,2025-11-13T10:20:00.093139,2025-11-13T10:56:42.372468,345.306,-10.0,,first_detection,,,,created_at_dossier_only,17572.1447668205,dossier_only
S251112cm_TCH5279,grandma_base,other,False,,0,1,0,True,False,False,False,False,2025-11-13T10:20:03.481727,2025-11-13T16:17:57.251640,347.143,-10.0,,first_detection,,,,created_at_dossier_only,17572.1447668205,dossier_only
S251112cm_TRE227,grandma_base,other,False,,0,3,0,True,False,True,True,False,2025-11-12T21:09:29.821164,2025-11-12T22:32:38.680202,76.154,-53.182,,first_detection,,,,created_at_dossier_only,17572.1447668205,dossier_only
S251112cm_TRE389,grandma_base,other,False,,0,1,0,True,False,True,True,False,2025-11-13T18:28:21.407894,2025-11-13T18:28:59.641214,10.909,-40.909,,first_detection,,,,created_at_dossier_only,17572.1447668205,dossier_only
S251112cm_TRE918,grandma_base,other,False,,0,2,0,True,False,True,True,False,2025-11-12T21:08:19.641030,2025-11-12T22:33:00.348289,351.429,-16.364,,first_detection,,,,created_at_dossier_only,17572.1447668205,dossier_only
S251112cm_UBAI-NT60_NGC7396,grandma_base,other,False,,0,0,0,False,False,True,False,False,2025-11-17T07:00:01.530434,2025-11-17T07:00:01.530434,343.09412499999996,1.0925805555555554,,first_detection,,,,created_at_dossier_only,17572.1447668205,dossier_only
S251112cm_X1,grandma_base,other,False,,0,0,0,True,False,False,False,False,2025-11-15T16:44:30.962861,2025-11-15T16:44:30.962861,167.48291667,36.13908333,,first_detection,,,,created_at_dossier_only,17572.1447668205,dossier_only
S251112cm_X38,grandma_base,other,False,,0,0,0,True,False,False,False,False,2025-11-15T16:44:32.075800,2025-11-15T16:44:32.075800,356.76325,-28.11894444,,first_detection,,,,created_at_dossier_only,17572.1447668205,dossier_only
S251112cm_X53,grandma_base,other,False,,0,0,0,True,False,False,False,False,2025-11-15T16:44:33.301656,2025-11-15T16:44:33.301656,167.07770833,36.18461111,,first_detection,,,,created_at_dossier_only,17572.1447668205,dossier_only
S251112cm_X72,grandma_base,other,False,,0,0,0,True,False,False,False,False,2025-11-15T16:44:34.278403,2025-11-15T16:44:34.278403,185.538625,55.87233333,,first_detection,,,,created_at_dossier_only,17572.1447668205,dossier_only
S251112cm_X73,grandma_base,other,False,,0,0,0,True,False,False,False,False,2025-11-15T16:44:35.313251,2025-11-15T16:44:35.313251,17.12191667,-46.99669444,,first_detection,,,,created_at_dossier_only,17572.1447668205,dossier_only
S251112cm_X78,grandma_base,other,False,,0,0,0,True,False,False,False,False,2025-11-15T16:44:36.915528,2025-11-15T16:44:36.915528,356.14679167,-28.23486111,,first_detection,,,,created_at_dossier_only,17572.1447668205,dossier_only
S251112cm_X79,grandma_base,other,False,,0,0,0,True,False,False,False,False,2025-11-15T16:44:37.891750,2025-11-15T16:44:37.891750,356.02516667,-28.07641667,,first_detection,,,,created_at_dossier_only,17572.1447668205,dossier_only
SN2023wrk,grandma_base,tns_like,False,,1,0,2,False,False,True,True,False,2023-11-06T07:52:04.963158,2023-11-06T17:52:11.834068,172.16319165,58.5535226,0.023,first_detection,,,,created_at_dossier_only,17572.1447668205,dossier_only
STEP23a,ep|grandma_base,other,False,,0,0,2,False,False,True,False,False,2023-06-17T22:42:22.660327,2023-06-17T22:42:22.660327,40.79975,-46.65150667,,first_detection,,,,created_at_dossier_only,17572.1447668205,dossier_only
STEP24a,ep|grandma_base,other,False,,0,0,2,False,False,True,True,False,2024-04-17T15:16:48.508437,2024-04-17T15:16:48.508437,162.81429166666666,5.8068583333333335,,first_detection,,,,created_at_dossier_only,17572.1447668205,dossier_only
T202404161035468p033742,grandma_base,other,False,,0,0,1,False,True,False,False,False,2024-04-18T07:07:25.001663,2024-04-23T15:39:36.446788,158.9451,3.6284,,first_detection,,,,created_at_dossier_only,17572.1447668205,dossier_only
T202404161046169p084925,grandma_base,other,False,,0,0,1,False,True,False,False,False,2024-04-18T07:08:09.536068,2024-04-23T15:37:34.714166,161.5702,8.8237,,first_detection,,,,created_at_dossier_only,17572.1447668205,dossier_only
T202404161055381p073155,grandma_base,other,False,,0,0,1,False,True,False,False,False,2024-04-18T07:06:13.228028,2024-04-23T15:39:36.844775,163.9089,7.5319,,first_detection,,,,created_at_dossier_only,17572.1447668205,dossier_only
TCH4503-J231557.79-164400.5,grandma_base,other,False,,0,1,1,False,False,True,True,False,2025-11-14T20:36:51.199365,2025-11-15T08:08:59.308478,348.99079,-16.73348,,first_detection,,,,created_at_dossier_only,17572.1447668205,dossier_only
ZTF18acvgziq,grandma_base,ztf_like,False,,0,0,2,False,False,True,True,False,2024-04-13T18:01:51.193081,2024-04-13T18:01:51.193081,164.187392,10.9154788,,first_detection,,,,created_at_dossier_only,17572.1447668205,dossier_only
ZTF23aaladoy,grandma_base,ztf_like,False,,0,0,2,False,False,True,True,False,2023-05-23T17:07:54.452438,2023-05-23T17:07:54.452438,280.1828,27.0236,,first_detection,,,,created_at_dossier_only,17572.1447668205,dossier_only
ZTF23aaladzz,grandma_base,ztf_like,False,,0,0,2,False,False,True,True,False,2023-05-23T16:13:16.110363,2023-05-23T16:13:16.110363,275.9841,24.958,,first_detection,,,,created_at_dossier_only,17572.1447668205,dossier_only
ZTF23aamdode,grandma_base,ztf_like,False,,0,0,1,False,False,True,True,False,2023-06-01T13:53:34.192351,2023-06-01T13:53:34.192351,257.1902,8.9143,,first_detection,,,,created_at_dossier_only,17572.1447668205,dossier_only
ZTF23aamnpce,grandma_base,ztf_like,False,,0,0,1,False,False,True,True,False,2023-06-01T22:20:56.434380,2023-06-01T22:20:56.434380,235.9839,15.2248,,first_detection,,,,created_at_dossier_only,17572.1447668205,dossier_only
ZTF23aamnsjs,grandma_base,ztf_like,False,,0,0,1,False,False,True,True,False,2023-06-01T14:08:02.271089,2023-06-01T14:08:02.271089,280.204,-20.6598,,first_detection,,,,created_at_dossier_only,17572.1447668205,dossier_only
ZTF23aaptsuy,grandma_base,ztf_like,False,,0,0,2,False,False,True,True,False,2023-06-27T08:36:41.265699,2023-06-27T08:36:41.265699,160.2019958333333,41.968130555555554,,first_detection,,,,created_at_dossier_only,17572.1447668205,dossier_only
ZTF23aapttaw,grandma_base,ztf_like,False,,0,0,2,False,False,True,True,False,2023-06-27T08:28:50.359309,2023-06-27T08:28:50.359309,164.68981666666667,60.95459166666667,,first_detection,,,,created_at_dossier_only,17572.1447668205,dossier_only
ZTF23aaptudb,grandma_base,ztf_like,False,,0,0,2,False,False,True,True,False,2023-06-27T08:31:20.939386,2023-06-27T08:31:20.939386,166.55660833333332,78.5596361111111,,first_detection,,,,created_at_dossier_only,17572.1447668205,dossier_only
ZTF23aaptusa,grandma_base,ztf_like,False,,0,0,2,False,False,True,True,False,2023-06-27T08:35:50.991361,2023-06-27T08:35:50.991361,162.04457083333335,71.8414111111111,,first_detection,,,,created_at_dossier_only,17572.1447668205,dossier_only
ZTF23abidzvf,grandma_base,ztf_like,False,,1,0,2,False,False,True,True,False,2023-10-19T14:12:15.602903,2023-10-19T21:20:32.828814,143.4548956,25.1158103,0.15,first_detection,,,,created_at_dossier_only,17572.1447668205,dossier_only
ZTF23abvvlla,grandma_base,ztf_like,False,,0,1,1,False,False,True,True,False,2023-12-29T13:43:40.467262,2024-06-27T12:11:32.010076,228.7438295,-14.0097381,,first_detection,,,,created_at_dossier_only,17572.1447668205,dossier_only
ZTF24aaeiqjt,grandma_base,ztf_like,False,,0,0,1,False,False,True,True,False,2024-03-04T20:21:11.469683,2024-03-04T20:21:11.469683,169.6700789,26.4226606,,first_detection,,,,created_at_dossier_only,17572.1447668205,dossier_only
ZTF24aaekhtc,grandma_base,ztf_like,False,,0,0,1,False,False,False,True,False,2024-02-13T22:54:54.183321,2024-02-13T22:54:54.183321,200.73483333333334,5.111258333333333,,first_detection,,,,created_at_dossier_only,17572.1447668205,dossier_only
ZTF24aafbqfd,grandma_base,ztf_like,False,,0,0,1,False,False,False,False,False,2024-02-13T22:54:58.109363,2024-02-13T22:54:58.109363,286.5568333333333,-2.8453,,first_detection,,,,created_at_dossier_only,17572.1447668205,dossier_only
ZTF24aafbqvz,grandma_base,ztf_like,False,,0,0,1,False,False,False,False,False,2024-02-13T23:04:14.875087,2024-02-13T23:04:14.875087,289.4612916666667,8.901005555555557,,first_detection,,,,created_at_dossier_only,17572.1447668205,dossier_only
ZTF24aaifosg,grandma_base,ztf_like,False,,0,0,2,False,True,True,True,False,2024-04-07T11:27:07.878670,2024-04-12T14:02:28.485809,208.2857569,35.7206319,,first_detection,,,,created_at_dossier_only,17572.1447668205,dossier_only
ZTF24aashinc,grandma_base,ztf_like,False,,0,0,1,False,True,True,True,False,2024-06-19T15:27:08.850403,2024-07-16T20:41:26.114294,326.0579713,-11.4366319,,first_detection,,,,created_at_dossier_only,17572.1447668205,dossier_only
ZTF24aasjjkf,grandma_base,ztf_like,False,,0,1,1,False,True,True,True,False,2024-06-22T16:34:05.105554,2024-06-26T06:42:55.504579,286.4843145,28.7899782,,first_detection,,,,created_at_dossier_only,17572.1447668205,dossier_only
ZTF24aasrwnv,grandma_base,ztf_like,False,,0,2,1,False,False,True,True,False,2024-06-24T11:23:05.646574,2024-06-27T07:34:00.079214,287.9827844,-12.867053,,first_detection,,,,created_at_dossier_only,17572.1447668205,dossier_only
ZTF24aavexzz,grandma_base,ztf_like,False,,0,0,1,False,False,True,False,False,2024-07-13T10:16:07.620859,2024-07-13T10:16:07.620859,352.629,1.886,,first_detection,,,,created_at_dossier_only,17572.1447668205,dossier_only
ZTF24abisvfd,grandma_base,ztf_like,False,,0,2,2,False,False,True,True,False,2024-09-24T10:09:33.198318,2024-09-25T13:27:10.659018,50.2607897,41.0963195,,first_detection,,,,created_at_dossier_only,17572.1447668205,dossier_only
ZTF25aaftxrf,grandma_base,ztf_like,False,,0,0,0,False,False,False,True,False,2025-02-18T03:43:18.817614,2025-02-18T03:43:18.944364,40.852367,53.2261269,,first_detection,,,,created_at_dossier_only,17572.1447668205,dossier_only
ZTF25aciopbi,grandma_base,ztf_like,True,61026.19136574,1,1,1,False,True,True,True,False,2025-12-19T17:45:58.468060,2025-12-20T16:41:24.354987,163.194033,32.91414,0.0461,first_detection,,,,skyportal_t0,0,phase_matching
ZTF26abfjtsz,grandma_base,ztf_like,False,,0,0,2,False,False,True,True,False,2026-07-08T19:09:55.091130,2026-07-08T19:10:50.162742,292.079629,-4.132505,,first_detection,,,,created_at_dossier_only,17572.1447668205,dossier_only
hyperleda_eso494,grandma_base,other,False,,0,0,1,False,False,True,False,False,2024-04-24T09:48:53.777330,2024-04-24T09:49:20.428437,121.461,-25.98,,first_detection,,,,created_at_dossier_only,17572.1447668205,dossier_only
sb24030503_mxt,grandma_base,other,False,,0,0,1,False,False,False,False,False,2024-03-14T15:27:45.392751,2024-03-14T15:31:37.809012,229.73012500000002,-57.399522222222224,,first_detection,,,,created_at_dossier_only,17572.1447668205,dossier_only
sb24082109,grandma_base,other,False,,0,0,2,False,False,True,True,False,2024-08-21T18:55:23.413983,2024-08-21T21:39:53.124243,354.229,-10.173,,first_detection,,,,created_at_dossier_only,17572.1447668205,dossier_only
sb24100915,grandma_base,other,False,,0,1,2,False,False,True,True,False,2024-10-09T20:29:54.033972,2024-10-09T20:30:47.615334,325.11,-35.63,,first_detection,,,,created_at_dossier_only,17572.1447668205,dossier_only
sb24122901,grandma_base,other,False,,0,2,1,True,False,True,False,False,2024-12-29T06:04:09.453194,2026-06-17T09:06:34.869572,192.893,31.857,,first_detection,,,,created_at_dossier_only,17572.1447668205,dossier_only
sb25010802,grandma_base,other,False,,0,1,1,False,False,True,False,False,2025-01-08T06:04:32.822051,2025-01-08T06:16:00.609686,207.906,26.232,,first_detection,,,,created_at_dossier_only,17572.1447668205,dossier_only
sb25031405,grandma_base,other,False,,0,0,0,False,False,True,True,False,2025-03-14T13:18:16.824882,2025-03-14T13:18:16.824882,201.272,-5.2934,,first_detection,,,,created_at_dossier_only,17572.1447668205,dossier_only
sb26071506,grandma_base,other,True,61236.67983796,0,3,1,False,False,True,False,False,2026-07-15T17:24:26.865135,2026-07-16T13:37:15.456370,310.4508,-32.4345,,first_detection,,,,skyportal_t0,0,phase_matching
test_source_stdpipe,grandma_base,other,False,,0,0,1,False,False,False,True,False,2024-03-25T16:47:54.840264,2024-03-25T16:47:54.840264,30.0,30.0,,first_detection,,,,created_at_dossier_only,17572.1447668205,dossier_only
