source_id,circular_id,observation_time_utc,mag_skyportal,mag_circular,mag_difference,band_skyportal,band_circular,bands_agree,instrument_skyportal,instrument_circular,match_status
2025gcz,39889,2025-03-27 21:28:15.000384285+00:00,14.099999999999998,14.1,-1.7763568394002505e-15,bessellr,R,False,GCN,,family_order_match
2025gcz,39890,2025-03-27 21:19:07.996800138+00:00,14.2,,,bessellv,,,GCN,,not_found
2025gcz,39890,2025-03-27 21:19:07.996800138+00:00,15.8,,,bessellr,,,GCN,,not_found
2025gcz,39894,2025-03-27 21:14:19.000000265+00:00,14.73,14.73,0.0,sdssi,i,False,GCN,,time_match
2025gcz,39894,2025-03-27 21:14:19.000000265+00:00,16.53,16.53,0.0,sdssg,g,False,GCN,,time_match
2025gcz,39894,2025-03-27 21:18:21.000000254+00:00,13.83,13.83,0.0,sdssz,z,False,GCN,,time_match
2025gcz,39894,2025-03-27 21:18:21.000000254+00:00,14.67,14.67,0.0,sdssr,r,False,GCN,,time_match
2025gcz,39896,2025-03-28 02:38:49.999999842+00:00,18.8,18.8,0.0,sdssi,i,False,GCN,,family_order_match
2025gcz,39896,2025-03-28 02:38:49.999999842+00:00,19.4,19.4,0.0,sdssr,r,False,GCN,,family_order_match
2025gcz,39896,2025-03-28 02:38:49.999999842+00:00,20.07,20.7,-0.629999999999999,sdssg,g,False,GCN,,family_order_match
2025gcz,39897,2025-03-28 04:32:59.999999953+00:00,20.01,20.01,0.0,sdssr,r,False,GCN,,time_match
2025gcz,39902,2025-03-28 00:18:15.551999982+00:00,17.98,,,sdssi,,,GCN,,not_found
2025gcz,39902,2025-03-28 00:18:15.551999982+00:00,18.47,18.47,0.0,sdssr,r,False,GCN,,time_match
2025gcz,39902,2025-03-28 00:20:19.967999982+00:00,17.98,17.98,0.0,sdssi,i,False,GCN,,time_match
2025gcz,39902,2025-03-28 00:22:24.383999982+00:00,19.87,19.87,0.0,sdssg,g,False,GCN,,time_match
2025gcz,39902,2025-03-28 00:24:33.983999853+00:00,17.82,17.82,0.0,sdssz,z,False,GCN,,time_match
2025gcz,39904,2025-03-28 02:18:54.000000005+00:00,21.9,,,bessellb,,,GCN,,not_found
2025gcz,39906,2025-03-27 23:12:17.999999853+00:00,16.45,,,besselli,,,GCN,,not_found
2025gcz,39906,2025-03-27 23:12:17.999999853+00:00,21.9,,,besselli,,,GCN,,not_found
2025gcz,39906,2025-03-27 23:12:59.000000005+00:00,17.8,,,bessellv,,,GCN,,not_found
2025gcz,39906,2025-03-27 23:13:35.999999855+00:00,17.15,,,bessellr,,,GCN,,not_found
2025shz,41206,2025-07-28 23:13:53.999904103+00:00,22.36,,,sdssr,,,GCN,,not_found
2025shz,41206,2025-07-28 23:13:53.999904103+00:00,22.77,,,sdssg,,,GCN,,not_found
2025sib,41206,2025-07-28 23:13:53.999904103+00:00,20.7,,,sdssr,,,GCN,,not_found
2025sib,41206,2025-07-28 23:13:53.999904103+00:00,20.72,,,sdssz,,,GCN,,not_found
2025sib,41206,2025-07-28 23:13:53.999904103+00:00,21.72,,,sdssg,,,GCN,,not_found
2025sib,41213,2025-07-13 08:51:00.000000129+00:00,20.2,20.2,0.0,gotol,L,False,GCN,,time_match
2025sib,41213,2025-07-21 10:11:00.000000055+00:00,20.8,20.8,0.0,gotol,L,False,GCN,,family_order_match
2025srk,41206,2025-07-25 23:13:43.000000233+00:00,21.0,,,sdssr,,,GCN,,not_found
2025srk,41206,2025-07-25 23:13:43.000000233+00:00,21.27,,,sdssi,,,GCN,,not_found
2025srk,41206,2025-07-25 23:13:43.000000233+00:00,21.51,,,sdssg,,,GCN,,not_found
2025srk,41206,2025-07-25 23:13:43.000000233+00:00,22.06,,,sdssz,,,GCN,,not_found
2025srl,41206,2025-07-25 23:13:43.000000233+00:00,19.74,,,sdssi,,,GCN,,not_found
2025srl,41206,2025-07-25 23:13:43.000000233+00:00,23.55,,,sdssg,,,GCN,,not_found
2025srm,41206,2025-07-25 23:13:43.000000233+00:00,21.21,,,sdssz,,,GCN,,not_found
2025srm,41206,2025-07-25 23:13:43.000000233+00:00,22.07,,,sdssr,,,GCN,,not_found
2025srm,41206,2025-07-25 23:13:43.000000233+00:00,22.43,,,sdssg,,,GCN,,not_found
2025srm,41206,2025-07-25 23:13:43.000000233+00:00,22.74,,,sdssi,,,GCN,,not_found
2026owq,44903,2026-06-10 23:58:49.999999981+00:00,16.66,16.66,0.0,gotol,L,False,GCN,,time_match
2026owq,44903,2026-06-11 01:10:13.999999987+00:00,17.83,17.83,0.0,gotol,L,False,GCN,,family_order_match
2026owq,44905,2026-06-11 05:18:30.000384155+00:00,18.82,18.82,0.0,ps1::w,w,False,GCN,,family_order_match
2026owq,44909,2026-06-11 08:22:08.000000094+00:00,19.113287296387885,18.92,0.1932872963878829,bessellr,R,False,GCN,,time_match
2026owq,44910,2026-06-10 23:13:22.368000267+00:00,20.2,20.2,0.0,ps1::w,w,False,GCN,,family_order_match
2026owq,44910,2026-06-10 23:33:44.927999870+00:00,20.35,20.35,0.0,ps1::w,w,False,GCN,,family_order_match
2026owq,44910,2026-06-10 23:54:08.351999766+00:00,16.26,16.26,0.0,ps1::w,w,False,GCN,,family_order_match
2026owq,44910,2026-06-11 00:14:30.912000+00:00,16.29,16.29,0.0,ps1::w,w,False,GCN,,family_order_match
2026owq,44911,2026-06-11 07:32:00.000095948+00:00,19.48,19.48,0.0,sdssg,g,False,GCN,,family_order_match
2026owq,44911,2026-06-11 07:32:00.000095948+00:00,19.02,19.02,0.0,sdssr,r,False,GCN,,family_order_match
2026owq,44911,2026-06-11 07:32:00.000095948+00:00,18.61,18.61,0.0,sdssi,i,False,GCN,,family_order_match
2026owq,44911,2026-06-11 07:32:00.000095948+00:00,18.54,18.54,0.0,sdssz,z,False,GCN,,family_order_match
2026owq,44914,2026-06-11 02:35:22.560000233+00:00,18.5,18.85,-0.3500000000000014,sdssg,g,False,GCN,,time_match
2026owq,44914,2026-06-11 02:36:57.599999714+00:00,18.4,18.4,0.0,sdssr,r,False,GCN,,time_match
2026owq,44914,2026-06-11 02:38:24.000000051+00:00,18.14,18.14,0.0,sdssi,i,False,GCN,,time_match
2026owq,44914,2026-06-11 02:39:59.040000164+00:00,17.92,17.92,0.0,sdssz,z,False,GCN,,time_match
2026owq,44914,2026-06-11 03:02:00.960000086+00:00,19.0,19.0,0.0,sdssg,g,False,GCN,,time_match
2026owq,44914,2026-06-11 03:03:36.000000198+00:00,18.49,18.49,0.0,sdssr,r,False,GCN,,time_match
2026owq,44914,2026-06-11 03:05:02.399999904+00:00,18.25,18.25,0.0,sdssi,i,False,GCN,,time_match
2026owq,44914,2026-06-11 03:06:37.440000017+00:00,18.04,18.04,0.0,sdssz,z,False,GCN,,time_match
2026owq,44918,2026-06-11 19:48:18.000000187+00:00,19.923287296387883,19.73,0.1932872963878829,bessellr,Rc,False,GCN,,family_order_match
2026owq,44919,2026-06-11 21:41:52.000000054+00:00,20.04,20.04,0.0,sdssr,SDSS-r,False,GCN,,time_match
2026owq,44919,2026-06-11 22:03:58.000000104+00:00,20.043287296387884,19.85,0.1932872963878829,bessellr,Rc,False,GCN,,time_match
2026owq,44919,2026-06-11 22:17:04.999999879+00:00,19.671311834510806,19.23,0.441311834510806,besselli,Ic,False,GCN,,time_match
2026owq,44919,2026-06-11 22:25:32.999999825+00:00,20.837859746562593,20.94,-0.10214025343740829,bessellb,B,False,GCN,,time_match
2026owq,44919,2026-06-12 01:20:48.000000465+00:00,21.367859746562587,21.47,-0.10214025343741184,bessellb,B,False,GCN,,time_match
2026owq,44919,2026-06-12 01:27:39.999999962+00:00,20.36008710745814,20.35,0.010087107458137012,bessellv,V,False,GCN,,time_match
2026owq,44919,2026-06-12 01:34:33.000000326+00:00,19.841311834510805,19.4,0.441311834510806,besselli,Ic,False,GCN,,time_match
2026owq,44919,2026-06-12 01:41:26.000000059+00:00,20.26,20.26,0.0,sdssr,SDSS-r,False,GCN,,time_match
2026owq,44921,2026-06-11 14:16:14.304000008+00:00,20.1,20.1,0.0,gaia::gbp,VT_B,False,VT,,family_order_match
2026owq,44921,2026-06-11 14:17:26.015999766+00:00,19.38,19.38,0.0,gaia::grp,VT_R,False,VT,,family_order_match
2026owq,44921,2026-06-11 15:53:26.303999784+00:00,20.16,20.16,0.0,gaia::gbp,VT_B,False,VT,,family_order_match
2026owq,44921,2026-06-11 15:55:14.303999879+00:00,19.49,19.49,0.0,gaia::grp,VT_R,False,VT,,family_order_match
2026owq,44927,2026-06-11 23:44:50.208000034+00:00,20.22,20.22,0.0,sdssr,r,False,GCN,,time_match
2026owq,44927,2026-06-11 23:57:02.879999758+00:00,19.89,19.89,0.0,sdssi,i,False,GCN,,time_match
2026owq,44927,2026-06-12 00:09:18.143999732+00:00,19.78,19.78,0.0,sdssz,z,False,GCN,,time_match
2026owq,44927,2026-06-12 00:21:29.951999784+00:00,20.66,20.66,0.0,sdssg,g,False,GCN,,time_match
2026owq,44929,2026-06-12 19:33:33.000000131+00:00,20.803287296387882,20.61,0.1932872963878829,bessellr,Rc,False,GCN,,family_order_match
2026owq,44932,2026-06-13 01:25:51.168000+00:00,21.05,21.05,0.0,sdssr,r,False,GCN,,time_match
2026owq,44932,2026-06-13 01:44:12.768000146+00:00,20.61,20.61,0.0,sdssi,i,False,GCN,,time_match
2026owq,44932,2026-06-13 01:51:36.864000241+00:00,20.28,20.28,0.0,sdssz,z,False,GCN,,time_match
2026owq,44932,2026-06-13 02:06:02.591999749+00:00,21.4,21.4,0.0,sdssg,g,False,GCN,,time_match
2026owq,44946,2026-06-11 21:45:50.999999976+00:00,20.00328729638788,19.81,0.1932872963878829,bessellr,R,False,GCN,,family_order_match
2026owq,44946,2026-06-12 19:55:18.999999903+00:00,20.893287296387882,20.7,0.1932872963878829,bessellr,R,False,GCN,,family_order_match
2026owq,44955,2026-06-14 06:30:14.400000051+00:00,21.7,21.7,0.0,sdssg,g,False,GCN,,time_match
2026owq,44955,2026-06-14 06:33:07.200000086+00:00,21.2,21.2,0.0,sdssr,r,False,GCN,,time_match
2026owq,44955,2026-06-14 06:37:26.399999827+00:00,20.9,20.9,0.0,sdssi,i,False,GCN,,time_match
2026owq,44955,2026-06-14 06:40:19.199999861+00:00,20.7,20.7,0.0,sdssz,z,False,GCN,,time_match
2026owq,44955,2026-06-15 06:21:35.999999948+00:00,20.6,20.6,0.0,sdssz,z,False,GCN,,time_match
2026owq,44955,2026-06-15 06:25:55.199999688+00:00,20.7,20.7,0.0,sdssi,i,False,GCN,,time_match
2026owq,44955,2026-06-15 06:28:47.999999723+00:00,21.3,21.3,0.0,sdssr,r,False,GCN,,time_match
2026owq,44955,2026-06-15 06:37:26.399999827+00:00,21.8,21.8,0.0,sdssg,g,False,GCN,,time_match
2026owq,44958,2026-06-16 07:28:59.999999805+00:00,21.52,21.52,0.0,sdssg,g,False,COLIBRI-VIS,,family_order_match
2026owq,44958,2026-06-16 07:34:00.000000157+00:00,21.02,21.02,0.0,sdssr,r,False,COLIBRI-VIS,,family_order_match
2026owq,44958,2026-06-16 07:38:29.999999777+00:00,20.69,20.69,0.0,sdssi,i,False,COLIBRI-VIS,,family_order_match
2026owq,44958,2026-06-16 07:47:59.999999749+00:00,20.43,20.43,0.0,sdssz,z,False,COLIBRI-VIS,,family_order_match
2026owq,44959,2026-06-14 23:03:02.249970992+00:00,21.34,21.34,0.0,sdssr,r,False,GCN,,family_order_match
2026owq,44959,2026-06-14 23:31:50.249971338+00:00,21.71,21.71,0.0,sdssg,g,False,GCN,,family_order_match
2026owq,44959,2026-06-16 01:41:26.249971044+00:00,21.49,21.49,0.0,sdssg,g,False,GCN,,family_order_match
2026owq,44959,2026-06-16 01:55:50.249971217+00:00,21.02,21.02,0.0,sdssr,r,False,GCN,,family_order_match
2026owq,44963,2026-06-14 23:37:52.999999714+00:00,21.333287296387883,21.14,0.1932872963878829,bessellr,Rc,False,GCN,,family_order_match
2026owq,44963,2026-06-15 23:54:44.000000311+00:00,21.173287296387883,20.98,0.1932872963878829,bessellr,Rc,False,GCN,,family_order_match
2026owq,44963,2026-06-16 20:45:40.000000129+00:00,21.25328729638788,21.06,0.1932872963878829,bessellr,Rc,False,GCN,,family_order_match
2026owq,44993,2026-06-15 17:24:09.000000089+00:00,20.88,20.88,0.0,bessellr,R,False,GCN,,time_match
AT2025smm,41187,2025-07-28 00:34:55.000416181+00:00,19.9,19.9,0.0,uvot::u,U,False,GCN,UVOT,family_order_match
AT2025smm,41196,2025-07-29 08:34:54.999954966+00:00,19.7,19.7,0.0,2massj,J,False,GCN,,family_order_match
AT2025smm,41197,2025-07-29 09:38:59.999712164+00:00,20.6,20.6,0.0,sdssi,i,False,GCN,,family_order_match
AT2025smm,41197,2025-07-29 09:38:59.999712164+00:00,21.46,21.46,0.0,sdssr,r,False,GCN,,family_order_match
AT2025smm,41197,2025-07-29 09:38:59.999712164+00:00,22.15,22.15,0.0,sdssg,g,False,GCN,,family_order_match
AT2025smm,41205,2025-07-29 13:18:07.000416077+00:00,19.3,,,uvot::v,,,GCN,,not_found
AT2025smm,41205,2025-07-29 13:18:07.000416077+00:00,20.1,,,uvot::b,,,GCN,,not_found
AT2025smm,41205,2025-07-29 13:18:07.000416077+00:00,20.8,,,uvot::u,,,GCN,,not_found
AT2025smm,41205,2025-07-29 15:42:07.000415956+00:00,21.5,,,uvot::uvw1,,,GCN,,not_found
AT2025smm,41205,2025-07-29 15:42:07.000415956+00:00,21.8,,,uvot::uvm2,,,GCN,,not_found
AT2025smm,41205,2025-07-29 15:42:07.000415956+00:00,22.3,,,uvot::uvm2,,,GCN,,not_found
EP-250704_081653,40942,2025-07-04 08:27:42.999264311+00:00,20.46,20.46,0.0,sdssi,i,False,COLIBRI-VIS,,time_match
EP-250704_081653,40945,2025-07-04 09:00:00+00:00,20.12,20.12,0.0,sdssz,z,False,GCN,,family_order_match
EP-250704_081653,40947,2025-07-04 08:28:10.000128095+00:00,16.17284150115219,14.8,1.372841501152191,2massh,H,False,GCN,,family_order_match
EP-250704_081653,40947,2025-07-04 08:28:15.999744138+00:00,18.7,18.7,0.0,sdssr,r,False,GCN,,family_order_match
EP-250704_081653,40957,2025-07-04 08:33:01.036800103+00:00,20.1,,,ps1::open,,,GCN,,not_found
EP-250704_081653,40958,2025-07-04 14:23:59.999999870+00:00,20.01,20.01,0.0,sdssz,z,False,PS1,,time_match
EP-250704_081653,40958,2025-07-04 14:23:59.999999870+00:00,20.2,20.2,0.0,sdssi,i,False,PS1,,time_match
EP-250704_081653,40960,2025-07-04 12:58:49.999872155+00:00,20.4,,,gaia::gbp,,,GCN,,not_found
EP-250704_081653,40960,2025-07-04 12:58:50.000001029+00:00,20.4,,,gaia::grp,,,GCN,,not_found
EP-250704_081653,40962,2025-07-04 17:44:47.875199879+00:00,20.12,20.12,0.0,sdssr,r',False,GCN,,time_match
EP-250704_081653,40962,2025-07-04 22:03:54.950400120+00:00,19.81,19.81,0.0,sdssi,i',False,GCN,,time_match
EP-250704_081653,40962,2025-07-04 22:28:21.936000120+00:00,19.8,19.8,0.0,sdssr,r',False,GCN,,time_match
EP-250704_081653,40963,2025-07-04 23:16:37.000000675+00:00,20.993287296387884,20.8,0.1932872963878829,bessellr,R,False,GCN,,family_order_match
EP-250704_081653,40966,2025-07-05 03:04:27.000191913+00:00,20.0,,,sdssr,,,GCN,,not_found
EP-250704_081653,40970,2025-07-05 04:16:27.000192164+00:00,20.39930187752905,,,2massj,,,GCN,,not_found
EP-250704_081653,40971,2025-07-05 00:03:42.700320302+00:00,19.78,19.78,0.0,sdssi,i,False,GCN,,family_order_match
EP-250704_081653,40974,2025-07-05 01:28:09.000192190+00:00,19.4,,,2massj,,,GCN,,not_found
EP-250704_081653,40974,2025-07-05 01:28:09.000192190+00:00,19.9,,,sdssi,,,GCN,,not_found
EP-250704_081653,40975,2025-07-05 04:15:59.999999777+00:00,20.0,,,sdssi,,,GCN,,not_found
EP-250704_081653,40975,2025-07-05 04:15:59.999999777+00:00,20.1,,,sdssr,,,GCN,,not_found
EP-250704_081653,40975,2025-07-05 04:15:59.999999777+00:00,20.2,,,sdssg,,,GCN,,not_found
EP-250704_081653,40982,2025-07-04 09:39:03.999999764+00:00,19.59,,,sdssu,,,GCN,,not_found
EP-250704_081653,40993,2025-07-05 23:49:00.000000361+00:00,21.56,,,besselli,,,GCN,,not_found
EP-250704_081653,40999,2025-07-04 18:33:06.000000310+00:00,19.990087107458137,19.98,0.010087107458137012,bessellv,V,False,GCN,,time_match
EP-250704_081653,41024,2025-07-06 20:05:16.999583974+00:00,21.2,,,bessellr,,,GCN,,not_found
EP-250704_081653,41030,2025-07-05 21:16:48.000287809+00:00,18.9,18.9,0.0,2massj,J,False,GCN,,time_match
EP-250704_081653,41030,2025-07-07 17:12:23.270399749+00:00,21.8,21.8,0.0,sdssr,r',False,GCN,,time_match
EP-250806_091820,41250,2025-08-06 17:29:32.999999769+00:00,22.6,,,bessellr,,,GCN,,not_found
EP-250806_091820,41250,2025-08-06 17:29:32.999999769+00:00,23.3,,,bessellb,,,GCN,,not_found
EP-250806_091820,41258,2025-08-06 18:17:21.000000059+00:00,17.4,17.4,0.0,ps1::open,C,False,GCN,MASTER-SAAO,time_match
EP-250806_091820,41258,2025-08-06 18:17:21.000000059+00:00,17.5,17.5,0.0,ps1::open,C,False,GCN,MASTER-SAAO,time_match
EP-260623_025405,45021,2026-06-23 03:02:41.568000008+00:00,16.54,,,bessellr,,,GCN,,not_found
EP-260623_025405,45021,2026-06-23 03:08:07.296000259+00:00,15.62,,,bessellr,,,GCN,,not_found
EP-260623_025405,45022,2026-06-23 04:44:16.999999794+00:00,17.01,,,ps1::open,,,GCN,,not_found
EP-260623_025405,45024,2026-06-23 06:25:25.999999651+00:00,17.78,17.78,0.0,sdssz,z,False,GCN,,time_match
EP-260623_025405,45024,2026-06-23 06:25:25.999999651+00:00,18.0,18.0,0.0,sdssi,i,False,GCN,,time_match
EP-260623_025405,45024,2026-06-23 06:25:25.999999651+00:00,18.3,18.3,0.0,sdssr,r,False,GCN,,time_match
EP-260623_025405,45024,2026-06-23 06:25:25.999999651+00:00,18.73,18.73,0.0,sdssg,g,False,GCN,,time_match
EP-260623_025405,45024,2026-06-23 06:27:26.000000040+00:00,17.55,,,ps1::y,,,GCN,,not_found
EP-260623_025405,45025,2026-06-23 03:57:44.999999665+00:00,15.35293211507434,13.51,1.8429321150743405,2massks,K,False,GCN,,family_order_match
EP-260623_025405,45026,2026-06-23 07:38:07.200095784+00:00,17.13,17.13,0.0,sdssr,r,False,GCN,,family_order_match
EP-260623_025405,45027,2026-06-23 04:11:03.840000095+00:00,17.0,17.0,0.0,gaia::gbp,VT_B,False,VT,,family_order_match
EP-260623_025405,45027,2026-06-23 06:05:32.640000086+00:00,17.85,,,gaia::grp,,,VT,,not_found
EP-260623_025405,45027,2026-06-23 06:05:32.640000086+00:00,18.59,18.59,0.0,gaia::gbp,VT_B,False,VT,,family_order_match
EP-260623_025405,45029,2026-06-23 03:18:05.002560120+00:00,15.4,,,sdssr,,,GCN,,not_found
EP-260623_025405,45030,2026-06-23 15:41:03.840287809+00:00,20.74,20.74,0.0,sdssr,r,False,GCN,LOT,family_order_match
EP-260623_025405,45034,2026-06-23 07:30:29.000160164+00:00,17.9,17.9,0.0,2massj,J,False,GCN,,family_order_match
EP-260623_025405,45040,2026-06-24 01:21:59.999999693+00:00,21.44,,,sdssg,,,GCN,,not_found
EP-260623_025405,45040,2026-06-24 01:38:29.999999777+00:00,21.96,21.96,0.0,sdssr,r,False,GCN,,time_match
EP-260623_025405,45040,2026-06-24 02:08:28.000000150+00:00,21.59,21.59,0.0,sdssi,i,False,GCN,,time_match
EP-260623_025405,45040,2026-06-24 02:22:09.000000330+00:00,21.06,21.06,0.0,sdssz,z,False,GCN,,time_match
EP-260623_025405,45042,2026-06-24 23:43:33.999743732+00:00,23.93,23.93,0.0,sdssr,r,False,GCN,,family_order_match
EP-260623_025405,45045,2026-06-25 01:52:01.000000133+00:00,21.74293211507434,19.9,1.8429321150743405,2massks,K,False,GCN,,family_order_match
EP-260707_164524,45109,2026-07-07 18:15:12.000384181+00:00,21.193287296387883,,,bessellr,,,TRT,,not_found
EP-260707_164524,45110,2026-07-07 20:18:30.000384155+00:00,22.1,,,sdssr,,,LCO-SAAO,,not_found
EP-260707_164524,45112,2026-07-08 01:09:50.529600112+00:00,23.0,,,sdssr,,,GCN,,not_found
EP250304a,39583,2025-03-04 02:56:29.999999944+00:00,20.5,20.5,0.0,bessellb,B,False,TRT,,family_order_match
EP250304a,39583,2025-03-04 03:56:30.000000361+00:00,20.8,20.8,0.0,bessellr,R,False,TRT,,family_order_match
EP250304a,39585,2025-03-04 07:14:30.000000111+00:00,20.97,20.97,0.0,sdssr,r,False,GCN,,family_order_match
EP250304a,39587,2025-03-04 02:47:30.000000073+00:00,19.29,,,uvot::u,,,GCN,,not_found
EP250304a,39587,2025-03-04 04:17:30.000000073+00:00,18.91,,,uvot::u,,,GCN,,not_found
EP250702a,40908,2025-07-03 02:06:09.999999944+00:00,20.0,19.85,0.14999999999999858,gotol,L,False,GCN,,time_match
EP250702a,40918,2025-07-03 09:00:00+00:00,22.0,22.0,0.0,sdssi,i,False,GCN,,family_order_match
EP250702a,40924,2025-07-03 07:03:02.999999825+00:00,19.142932115074345,,,2massks,,,GCN,,not_found
EP250702a,41044,2025-07-05 10:14:00.000000018+00:00,22.4,,,2massh,,,GCN,,not_found
EP250702a,41044,2025-07-05 10:14:00.000000018+00:00,22.8,,,2massj,,,GCN,,not_found
EP250702a,41044,2025-07-05 10:14:00.000000018+00:00,21.7,21.7,0.0,2massks,K,False,GCN,,time_match
EP260618a,44988,2026-06-19 04:14:59.999999582+00:00,21.49,21.49,0.0,sdssz,z,False,COLIBRI-VIS,,family_order_match
EP260618a,44988,2026-06-19 04:14:59.999999582+00:00,21.9,21.9,0.0,sdssr,r,False,COLIBRI-VIS,,family_order_match
EP260618a,44990,2026-06-18 21:56:11.999999924+00:00,21.93,21.93,0.0,sdssr,r,False,LCO-SAAO,,family_order_match
EP260618a,44994,2026-06-18 21:22:39.999999823+00:00,21.86,21.86,0.0,sdssr,r,False,OHP/MISTRAL,,family_order_match
EP260618a,45016,2026-06-19 02:39:31.392000233+00:00,22.47,22.47,0.0,sdssg,g,False,GCN,,time_match
EP260618a,45016,2026-06-19 02:54:31.680000120+00:00,22.03,22.03,0.0,sdssr,r,False,GCN,,time_match
EP260618a,45016,2026-06-19 03:10:22.944000293+00:00,21.62,21.62,0.0,sdssi,i,False,GCN,,time_match
GCN-250628_162910,40875,2025-06-28 20:33:09.999999573+00:00,23.4,,,bessellr,,,GCN,,not_found
GCN-250628_162910,40875,2025-06-28 20:33:09.999999573+00:00,23.6,,,bessellb,,,GCN,,not_found
GCN-250704_034220,40944,2025-07-04 05:24:21.997440155+00:00,18.1,18.1,0.0,sdssr,r,False,GCN,,family_order_match
GCN-250704_034220,40953,2025-07-04 09:17:46.000000245+00:00,20.48,20.48,0.0,sdssr,r,False,GCN,,family_order_match
GCN-250704_034220,40964,2025-07-04 12:00:21.997440276+00:00,20.52,,,bessellr,,,GCN,,not_found
GCN-250704_034220,40964,2025-07-04 12:00:21.997440276+00:00,20.8,,,bessellb,,,GCN,,not_found
GCN-250704_034220,41017,2025-07-05 10:03:36.034848172+00:00,22.05,22.05,0.0,sdssr,r,False,GCN,,time_match
GCN-250706_170544,40991,2025-07-06 17:41:57.999999788+00:00,15.693287296387885,,,bessellr,,,GCN,,not_found
GCN-250706_170544,40992,2025-07-06 17:10:47.999712267+00:00,14.48,14.9,-0.41999999999999993,bessellv,VT_B,False,GCN,,time_match
GCN-250706_170544,40992,2025-07-06 17:10:47.999712267+00:00,14.899999999999999,14.48,0.41999999999999815,bessellb,VT_R,False,GCN,,time_match
GCN-250706_170544,40992,2025-07-06 17:15:48.000384008+00:00,14.65,15.17,-0.5199999999999996,bessellv,VT_B,False,GCN,,time_match
GCN-250706_170544,40992,2025-07-06 17:15:48.000384008+00:00,15.17,14.65,0.5199999999999996,bessellb,VT_R,False,GCN,,time_match
GCN-250706_170544,41007,2025-07-07 05:44:01.000000245+00:00,19.2,19.2,0.0,sdssr,r,False,GCN,,family_order_match
GCN-250706_170544,41015,2025-07-06 21:26:41.999999812+00:00,16.49,,,uvot::u,,,UVOTXRT,,not_found
GCN-250706_170544,41022,2025-07-08 09:21:59.999999898+00:00,20.37,20.37,0.0,sdssr,r,False,GCN,,family_order_match
GCN-250706_170544,41087,2025-07-08 07:26:58.000000205+00:00,19.88,19.88,0.0,sdssr,r,False,GCN,,time_match
GCN-250706_170544,41087,2025-07-08 07:38:16.999999877+00:00,19.68,19.68,0.0,sdssi,i,False,GCN,,time_match
GCN-250713_170602,41079,2025-07-13 17:08:07.999999872+00:00,17.7,,,sdssi,,,GCN,,not_found
GCN-250713_170602,41079,2025-07-13 17:08:07.999999872+00:00,20.8,,,sdssz,,,GCN,,not_found
GCN-250713_170602,41079,2025-07-13 17:08:07.999999872+00:00,21.0,,,sdssr,,,GCN,,not_found
GCN-250713_170602,41089,2025-07-13 17:09:12.999999983+00:00,18.12,18.12,0.0,sdssi,i,False,GCN,,time_match
GCN-250713_170602,41089,2025-07-13 17:20:50.999999697+00:00,18.84,18.84,0.0,sdssg,g,False,GCN,,time_match
GCN-250713_170602,41089,2025-07-13 17:24:26.000000291+00:00,18.38,18.38,0.0,sdssr,r,False,GCN,,time_match
GCN-250713_170602,41090,2025-07-13 22:56:01.999999896+00:00,22.3,,,sdssr,,,GCN,,not_found
GCN-250713_170602,41091,2025-07-13 23:46:40.000000324+00:00,22.5,22.5,0.0,sdssz,z,False,GCN,,family_order_match
GCN-250713_170602,41091,2025-07-13 23:46:40.000000324+00:00,22.9,22.9,0.0,sdssi,i,False,GCN,,family_order_match
GCN-250713_170602,41092,2025-07-13 17:26:50.000000009+00:00,23.2,,,bessellr,,,GCN,,not_found
GCN-250713_170602,41092,2025-07-13 17:26:50.000000009+00:00,23.5,,,bessellb,,,GCN,,not_found
GCN-250713_170602,41094,2025-07-13 17:11:19.000031948+00:00,20.53,20.53,0.0,standard::u,u,False,GCN,,time_match
GCN-250713_170602,41094,2025-07-13 17:11:19.000031948+00:00,21.17,21.17,0.0,sdssg,g,False,GCN,,time_match
GCN-250713_170602,41094,2025-07-13 17:32:27.000384311+00:00,20.65,20.65,0.0,standard::v,v,False,GCN,,time_match
GCN-250713_170602,41094,2025-07-13 17:32:27.000384311+00:00,21.32,21.32,0.0,standard::r,r,False,GCN,,time_match
GCN-250727_105339,41181,2025-07-27 12:45:24.000191688+00:00,23.4,,,bessellr,,,GCN,,not_found
GCN-250727_105339,41181,2025-07-27 12:45:24.000191688+00:00,23.5,,,bessellb,,,GCN,,not_found
GCN-250806_075754,41244,2025-08-06 08:04:31.000000068+00:00,21.5,,,bessellr,,,GCN,,not_found
GCN-250806_075754,41245,2025-08-06 08:28:35.999999641+00:00,23.44,,,besselli,,,GCN,,not_found
GCN-250806_075754,41250,2025-08-06 08:04:31.000000068+00:00,22.9,,,bessellr,,,GCN,,not_found
GCN-250806_075754,41250,2025-08-06 08:04:31.000000068+00:00,23.3,,,bessellb,,,GCN,,not_found
GCN-250806_075754,41250,2025-08-06 08:53:07.000000267+00:00,23.2,,,bessellr,,,GCN,,not_found
GCN-250806_075754,41250,2025-08-06 08:53:07.000000267+00:00,23.6,,,bessellb,,,GCN,,not_found
GCN-250806_075754,41253,2025-08-06 08:31:50.999999966+00:00,19.7,19.7,0.0,2massj,J,False,GCN,,family_order_match
GCN-250812_024503,41322,2025-08-12 04:32:00.000095948+00:00,18.8,,,standard::r,,,GCN,,not_found
GCN-250812_024503,41326,2025-08-12 09:19:03.000000020+00:00,18.92,,,bessellr,,,GCN,,not_found
GCN-250812_024503,41326,2025-08-12 09:19:03.000000020+00:00,19.36,,,bessellb,,,GCN,,not_found
GCN-250812_024503,41328,2025-08-12 11:49:59.999999926+00:00,18.89,18.89,0.0,besselli,i,False,GCN,,time_match
GCN-250812_024503,41331,2025-08-12 17:32:38.999999866+00:00,18.793287296387888,18.6,0.19328729638788644,bessellr,Rc (Vega),False,KNC,iT72,family_order_match
GCN-250812_024503,41331,2025-08-12 17:32:38.999999866+00:00,19.313287296387884,19.12,0.1932872963878829,bessellr,Rc (Vega),False,KNC,iT72,family_order_match
GCN-250812_024503,41344,2025-08-12 04:34:22.999999872+00:00,19.43,19.43,0.0,uvot::u,u,False,GCN,,family_order_match
GCN-250812_024503,41344,2025-08-12 23:16:03.999999875+00:00,19.48,19.48,0.0,uvot::u,u,False,GCN,,family_order_match
GCN-250812_024503,41344,2025-08-12 23:21:25.000000102+00:00,19.96,19.96,0.0,uvot::white,white,False,GCN,,family_order_match
GCN-250812_024503,41344,2025-08-12 23:26:46.999999933+00:00,19.24,19.24,0.0,uvot::v,v,False,GCN,,family_order_match
GCN-250812_024503,41347,2025-08-13 17:10:45.000000111+00:00,19.7,19.7,0.0,sdssr,r,False,GCN,,family_order_match
GCN-250812_024503,41348,2025-08-13 18:02:08.999999977+00:00,19.5,19.5,0.0,sdssr,r,False,GCN,,family_order_match
GCN-250813_225115,41356,2025-08-14 04:24:54.499967879+00:00,21.38,21.38,0.0,sdssi,i,False,GCN,,family_order_match
GCN-250813_225115,41363,2025-08-14 05:39:59.999999860+00:00,22.24,22.24,0.0,sdssr,r,False,GCN,,family_order_match
GCN-250813_225115,41370,2025-08-14 00:13:55.999999920+00:00,21.0,21.0,0.0,sdssr,r,False,GCN,,family_order_match
GCN-250813_225115,41370,2025-08-14 00:32:31.999999905+00:00,20.04,20.04,0.0,sdssz,z,False,GCN,,family_order_match
GCN-250813_225115,41388,2025-08-14 01:40:05.999999586+00:00,20.1,,,ps1::open,,,GCN,,not_found
GCN-250818_032908,41406,2025-08-18 04:01:33.000000159+00:00,18.71,,,gotol,,,GCN,,not_found
GCN-250818_032908,41406,2025-08-18 05:09:20.999999966+00:00,19.49,,,gotol,,,GCN,,not_found
GCN-250818_032908,41409,2025-08-18 03:32:28.000000233+00:00,17.61,,,bessellb,,,GCN,,not_found
GCN-250818_032908,41409,2025-08-18 04:35:12.999999612+00:00,19.02,,,bessellb,,,GCN,,not_found
GCN-250818_032908,41417,2025-08-18 11:29:09.000000441+00:00,20.09328729638788,,,bessellr,,,KAIT,,not_found
GCN-250818_032908,41426,2025-08-19 03:05:07.998719784+00:00,21.25,21.15,0.10000000000000142,sdssr,r,False,GCN,,family_order_match
GCN-250818_032908,41428,2025-08-18 23:54:19.500192293+00:00,21.073287296387882,20.88,0.1932872963878829,bessellr,R,False,GCN,,family_order_match
GCN-250818_032908,41430,2025-08-18 11:14:08.999808285+00:00,20.173287296387883,19.98,0.1932872963878829,bessellr,R,False,TRT-SRO,SRO,family_order_match
GCN-250818_032908,41430,2025-08-18 16:07:32.999807706+00:00,20.423287296387883,20.23,0.1932872963878829,bessellr,R,False,TRT-SBO,SBO,family_order_match
GCN-250818_032908,41431,2025-08-19 01:13:53.999615766+00:00,21.39,,,sdssg,,,GCN,,not_found
GCN-250818_032908,41431,2025-08-19 01:56:42.999935930+00:00,21.58,,,sdssr,,,GCN,,not_found
GCN-250818_032908,41435,2025-08-18 04:38:35.500416276+00:00,18.25,,,uvot::u,,,GCN,,not_found
GCN-251013_173943,42225,2025-10-13 17:43:01.999999655+00:00,14.419999999999998,,,gaia::g,,,GCN,,not_found
GCN-251013_173943,42225,2025-10-13 17:44:30.999999716+00:00,14.82,,,gaia::g,,,GCN,,not_found
GCN-251013_173943,42225,2025-10-13 17:50:23.000000280+00:00,14.79,,,gaia::g,,,GCN,,not_found
GCN-251013_173943,42225,2025-10-13 17:51:52.000000341+00:00,15.029999999999998,,,gaia::g,,,GCN,,not_found
GCN-251013_173943,42225,2025-10-13 17:57:43.999999643+00:00,15.77,,,gaia::g,,,GCN,,not_found
GCN-251013_173943,42225,2025-10-13 17:59:12.999999696+00:00,15.79,,,gaia::g,,,GCN,,not_found
GCN-251013_173943,42225,2025-10-13 18:05:04.000000024+00:00,16.07,,,gaia::g,,,GCN,,not_found
GCN-251013_173943,42226,2025-10-13 18:10:27.000000091+00:00,16.14,,,gaia::gbp,,,GCN,,not_found
GCN-251013_173943,42226,2025-10-13 18:32:15.000000334+00:00,15.2,,,gaia::gbp,,,GCN,,not_found
GCN-251013_173943,42227,2025-10-13 20:32:30.000000278+00:00,16.52,16.52,0.0,sdssr,r,False,GCN,,family_order_match
GCN-251013_173943,42228,2025-10-13 20:54:57.000000202+00:00,15.9,15.9,0.0,bessellr,R,False,GCN,,family_order_match
GCN-251013_173943,42229,2025-10-13 19:27:42.000000433+00:00,15.7,15.7,0.0,sdssi,i,False,GCN,,family_order_match
GCN-251013_173943,42229,2025-10-13 19:39:42.000000266+00:00,15.989999999999998,15.99,-1.7763568394002505e-15,sdssr,r,False,GCN,,family_order_match
GCN-251013_173943,42229,2025-10-13 19:45:42.000000174+00:00,16.3,16.3,0.0,sdssg,g,False,GCN,,family_order_match
GCN-251013_173943,42230,2025-10-13 19:47:53.999999606+00:00,16.033287296387883,15.84,0.1932872963878829,bessellr,Rc,False,GCN,,family_order_match
GCN-251013_173943,42230,2025-10-13 20:04:01.999999571+00:00,16.243287296387884,16.05,0.1932872963878829,bessellr,Rc,False,GCN,,family_order_match
GCN-251013_173943,42230,2025-10-13 20:15:34.000000404+00:00,16.403287296387884,16.21,0.1932872963878829,bessellr,Rc,False,GCN,,family_order_match
GCN-251013_173943,42231,2025-10-13 21:40:06.000000421+00:00,17.11,17.11,0.0,gotol,L,False,GCN,,time_match
GCN-251013_173943,42240,2025-10-14 00:02:52.999999575+00:00,17.48,,,sdssr,,,GCN,,not_found
GCN-251013_173943,42241,2025-10-14 02:47:12.000000266+00:00,18.95,18.95,0.0,ps1::w,w,False,GCN,,family_order_match
GCN-251013_173943,42242,2025-10-14 02:18:30.000000055+00:00,18.5,18.5,0.0,sdssr,r,False,GCN,,time_match
GCN-251013_173943,42248,2025-10-13 18:03:42.000000350+00:00,14.389301877529052,,,2massj,,,GCN,,not_found
GCN-251013_173943,42248,2025-10-13 18:26:00.000000055+00:00,13.989301877529051,,,2massj,,,GCN,,not_found
GCN-251013_173943,42251,2025-10-13 22:12:25.055999930+00:00,17.244,17.244,0.0,bessellv,V,False,GCN,,family_order_match
GCN-251013_173943,42251,2025-10-13 23:27:56.736000181+00:00,17.848,17.848,0.0,bessellv,V,False,GCN,,family_order_match
GCN-251013_173943,42253,2025-10-13 20:23:59.999999870+00:00,16.51,16.51,0.0,sdssr,r,False,GCN,,family_order_match
GCN-251013_173943,42253,2025-10-13 20:23:59.999999870+00:00,16.27,16.27,0.0,sdssi,i,False,GCN,,family_order_match
GCN-251013_173943,42254,2025-10-13 18:29:47.999999918+00:00,14.84,14.84,0.0,sdssr,r,False,GCN,,family_order_match
GCN-251013_173943,42256,2025-10-13 17:41:18.000096043+00:00,13.67,,,sdssi,,,GCN,,not_found
GCN-251013_173943,42256,2025-10-13 17:41:45.000096069+00:00,14.2,,,sdssi,,,GCN,,not_found
GCN-251013_173943,42256,2025-10-13 17:42:02.999807956+00:00,14.27,,,sdssi,,,GCN,,not_found
GCN-251013_173943,42256,2025-10-13 17:42:46.999872311+00:00,14.69,,,sdssi,,,GCN,,not_found
GCN-251013_173943,42256,2025-10-13 17:43:47.000352155+00:00,14.96,,,sdssi,,,GCN,,not_found
GCN-251013_173943,42256,2025-10-13 17:44:46.999968250+00:00,15.16,,,sdssi,,,GCN,,not_found
GCN-251013_173943,42256,2025-10-13 17:46:47.000064198+00:00,15.059999999999999,,,sdssi,,,GCN,,not_found
GCN-251013_173943,42256,2025-10-13 17:50:17.000447723+00:00,15.14,,,sdssi,,,GCN,,not_found
GCN-251013_173943,42261,2025-10-13 20:32:59.999999749+00:00,16.61,16.61,0.0,bessellv,V,False,GCN,,family_order_match
GCN-251013_173943,42261,2025-10-14 12:20:06.999999887+00:00,20.73,20.73,0.0,bessellv,V,False,GCN,,family_order_match
GCN-251013_173943,42266,2025-10-13 19:30:07.999999983+00:00,15.919999999999998,,,sdssr,,,GCN,,not_found
GCN-251013_173943,42267,2025-10-13 23:13:26.000000031+00:00,17.774287296387882,,,bessellr,,,GCN,,not_found
GCN-251013_173943,42269,2025-10-13 20:04:39.000000051+00:00,16.307287296387884,16.114,0.1932872963878829,bessellr,Rc,False,GCN,,time_match
GCN-251013_173943,42269,2025-10-13 20:05:58.997760034+00:00,16.58608710745814,16.576,0.010087107458140565,bessellv,V,False,GCN,,time_match
GCN-251013_173943,42269,2025-10-13 20:18:56.001599740+00:00,16.47428729638788,16.281,0.1932872963878829,bessellr,Rc,False,GCN,,time_match
GCN-251013_173943,42269,2025-10-13 20:20:13.994880181+00:00,16.707087107458136,16.697,0.010087107458137012,bessellv,V,False,GCN,,time_match
GCN-251013_173943,42269,2025-10-13 20:31:32.995199844+00:00,16.623287296387883,16.43,0.1932872963878829,bessellr,Rc,False,GCN,,time_match
GCN-251013_173943,42269,2025-10-13 20:32:51.999359809+00:00,16.91308710745814,16.903,0.010087107458140565,bessellv,V,False,GCN,,time_match
GCN-251013_173943,42269,2025-10-13 20:44:08.995199913+00:00,16.693287296387883,16.5,0.1932872963878829,bessellr,Rc,False,GCN,,time_match
GCN-251013_173943,42269,2025-10-13 20:45:27.999359879+00:00,17.269087107458137,17.259,0.010087107458137012,bessellv,V,False,GCN,,time_match
GCN-251013_173943,42276,2025-10-14 21:33:06.000000310+00:00,21.29,,,sdssr,,,GCN,,not_found
GCN-251013_173943,42276,2025-10-14 22:22:18.000000131+00:00,21.11,,,sdssg,,,GCN,,not_found
GCN-251013_173943,42279,2025-10-15 03:36:59.999616224+00:00,21.59,21.59,0.0,sdssg,g,False,GCN,,family_order_match
GCN-251013_173943,42279,2025-10-15 03:36:59.999616224+00:00,21.29,21.29,0.0,sdssr,r,False,GCN,,family_order_match
GCN-251013_173943,42279,2025-10-15 03:36:59.999616224+00:00,20.93,20.93,0.0,sdssz,z,False,GCN,,family_order_match
GCN-251013_173943,42283,2025-10-14 17:34:47.999999853+00:00,21.153287296387884,,,bessellr,,,GCN,,not_found
GCN-251013_173943,42298,2025-10-13 18:30:12.500063792+00:00,16.231607900472493,15.22,1.0116079004724927,uvot::u,u,False,GCN,,family_order_match
GCN-251013_173943,42298,2025-10-15 07:20:57.000191792+00:00,22.514311612155236,21.66,0.8543116121552359,uvot::white,white,False,GCN,,family_order_match
GCN-251013_173943,42301,2025-10-13 20:50:30.000000027+00:00,16.483287296387882,16.29,0.1932872963878829,bessellr,Rc (Vega),False,GCN,Montarrenti Obs.,family_order_match
GCN-251013_173943,42301,2025-10-14 00:07:54.000000163+00:00,17.823287296387882,17.63,0.1932872963878829,bessellr,Rc (Vega),False,GCN,iT72,family_order_match
GCN-251013_173943,42301,2025-10-14 01:55:18.000000298+00:00,18.24,18.24,0.0,sdssr,r (AB),False,GCN,CDK17 AITP,family_order_match
GCN-251013_173943,42319,2025-10-16 13:23:15.000000250+00:00,21.04,21.04,0.0,sdssr,r,False,GCN,,family_order_match
GCN-251013_173943,42334,2025-10-14 01:46:49.152000285+00:00,18.62,18.62,0.0,sdssg,g,False,GCN,,time_match
GCN-251013_173943,42334,2025-10-14 01:48:14.687999688+00:00,18.36,18.36,0.0,sdssr,r,False,GCN,,time_match
GCN-251013_173943,42334,2025-10-14 01:49:38.495999775+00:00,18.14,18.14,0.0,sdssi,i,False,GCN,,time_match
GCN-251013_173943,42334,2025-10-14 01:51:02.303999861+00:00,19.07,19.07,0.0,sdssu,u,False,GCN,,time_match
GCN-251013_173943,42334,2025-10-14 01:53:25.728000008+00:00,18.0,18.0,0.0,sdssz,z,False,GCN,,time_match
GCN-251013_173943,42338,2025-10-17 19:05:32.999999677+00:00,20.74,,,sdssr,,,GCN,,not_found
GCN-251013_173943,42396,2025-10-13 21:40:38.000000363+00:00,16.943287296387883,16.75,0.1932872963878829,bessellr,Clear,False,GCN,,time_match
GCN-251013_173943,42396,2025-10-13 21:56:46.999999933+00:00,17.053287296387882,16.86,0.1932872963878829,bessellr,Clear,False,GCN,,time_match
GCN-251013_173943,42396,2025-10-13 22:15:08.000000196+00:00,17.193287296387883,17.0,0.1932872963878829,bessellr,Clear,False,GCN,,time_match
GCN-251013_173943,42396,2025-10-13 22:37:49.999999851+00:00,17.383287296387884,17.19,0.1932872963878829,bessellr,Clear,False,GCN,,time_match
GCN-251013_173943,42396,2025-10-13 22:59:27.000000035+00:00,17.66328729638788,17.47,0.1932872963878829,bessellr,Clear,False,GCN,,time_match
GCN-251013_173943,42396,2025-10-13 23:31:46.000000050+00:00,17.543287296387884,17.35,0.1932872963878829,bessellr,Clear,False,GCN,,time_match
GCN-251013_173943,42396,2025-10-14 00:04:13.000000048+00:00,17.733287296387882,17.54,0.1932872963878829,bessellr,Clear,False,GCN,,time_match
GCN-251013_173943,42399,2025-10-20 19:59:38.000000094+00:00,21.803287296387882,,,bessellr,,,GCN,,not_found
GCN-251013_173943,42399,2025-10-21 17:02:31.000000300+00:00,21.993287296387884,,,bessellr,,,GCN,,not_found
GCN-251013_173943,42569,2025-10-14 00:05:59.999999916+00:00,18.11,18.11,0.0,sdssg,g,False,GCN,,time_match
GCN-251013_173943,42569,2025-10-14 00:06:09.999999740+00:00,17.55,17.55,0.0,sdssi,i,False,GCN,,time_match
GCN-251013_173943,42569,2025-10-14 00:12:57.999999556+00:00,17.77,17.77,0.0,sdssr,r,False,GCN,,time_match
GCN-251013_173943,42736,2025-10-15 17:37:25.000000092+00:00,21.693287296387883,,,bessellr,,,GCN,,not_found
GCN-251013_173943,42736,2025-10-17 16:59:43.999999615+00:00,20.603287296387883,23.0,-2.396712703612117,bessellr,20.41,False,GCN,SAO/Zeiss-1000,time_match
GCN-251013_173943,42736,2025-10-18 14:42:04.999999536+00:00,21.013287296387883,21.5,-0.4867127036121168,bessellr,20.82,False,GCN,Mondy/AZT-33IK,time_match
GCN-251013_173943,42736,2025-10-18 18:54:42.999999871+00:00,21.213287296387882,23.4,-2.186712703612116,bessellr,21.02,False,GCN,SAO/Zeiss-1000,time_match
GCN-251013_173943,42736,2025-10-19 12:36:05.999999641+00:00,21.77328729638788,23.2,-1.426712703612118,bessellr,21.58,False,GCN,Mondy/AZT-33IK,time_match
GCN-251013_173943,42736,2025-10-20 18:43:33.000000409+00:00,20.893287296387882,21.8,-0.9067127036121185,bessellr,20.70,False,GCN,Koshka/Ziess-1000,time_match
GCN-251013_173943,42736,2025-10-21 12:30:54.999999861+00:00,22.083287296387883,23.0,-0.9167127036121165,bessellr,21.89,False,GCN,Mondy/AZT-33IK,time_match
GCN-251013_173943,42736,2025-10-22 12:29:58.999999977+00:00,21.823287296387882,22.4,-0.5767127036121167,bessellr,21.63,False,GCN,Mondy/AZT-33IK,time_match
GCN-251013_173943,42736,2025-10-23 12:05:15.999999688+00:00,22.50328729638788,22.5,0.003287296387881611,bessellr,22.31,False,GCN,Mondy/AZT-33IK,time_match
GCN-251013_173943,42736,2025-10-23 19:20:36.999999775+00:00,22.50328729638788,22.5,0.003287296387881611,bessellr,22.31,False,GCN,SAO/Zeiss-1000,time_match
GCN-251013_173943,42736,2025-10-24 18:54:04.999999786+00:00,22.193287296387883,,,bessellr,,,GCN,,not_found
GCN-251013_173943,42736,2025-10-25 16:11:31.000000384+00:00,21.893287296387882,23.1,-1.2067127036121192,bessellr,21.70,False,GCN,CrAO/ZTSh,time_match
GCN-251013_173943,42736,2025-10-26 13:33:50.999999938+00:00,21.893287296387882,22.9,-1.0067127036121164,bessellr,21.70,False,GCN,Mondy/AZT-33IK,time_match
GCN-251013_173943,42736,2025-10-27 12:22:46.999999571+00:00,22.323287296387882,22.7,-0.3767127036121174,bessellr,22.13,False,GCN,Mondy/AZT-33IK,time_match
GCN-251013_173943,42736,2025-10-28 12:32:35.999999586+00:00,22.423287296387883,22.4,0.023287296387884737,bessellr,22.23,False,GCN,Mondy/AZT-33IK,time_match
GCN-251013_173943,42736,2025-10-28 19:37:10.999999539+00:00,22.653287296387884,22.8,-0.14671270361211697,bessellr,22.46,False,GCN,SAO/Zeiss-1000,time_match
GCN-251203_183345,42980,2025-12-03 19:11:16.999999627+00:00,20.2,,,sdssr,,,GCN,,not_found
GCN-251203_183345,42980,2025-12-03 19:32:16.999999961+00:00,19.0,19.0,0.0,sdssz,z,False,GCN,,family_order_match
GCN-251222_170549,43194,2025-12-22 21:37:34.000000098+00:00,18.96,18.96,0.0,bessellr,R,False,GCN,,family_order_match
GCN-251222_170549,43195,2025-12-22 18:56:54.999999916+00:00,18.7,,,ps1::open,,,GCN,,not_found
GCN-251222_170549,43197,2025-12-22 19:05:45.999999576+00:00,18.04,18.04,0.0,2massj,J,False,GCN,,family_order_match
GCN-251222_170549,43203,2025-12-22 17:14:07.002240034+00:00,18.27,,,bessellb,,,GCN,,not_found
GCN-251222_170549,43203,2025-12-22 17:14:07.002240034+00:00,17.57,,,bessellr,,,GCN,,not_found
GCN-251222_170549,43203,2025-12-22 22:24:15.202656008+00:00,18.56,,,bessellr,,,GCN,,not_found
GCN-251222_170549,43204,2025-12-23 03:48:43.000128198+00:00,19.91,19.91,0.0,sdssr,r,False,GCN,,family_order_match
GCN-251222_170549,43207,2025-12-22 20:28:35.000000037+00:00,18.583287296387883,,,bessellr,,,GCN,,not_found
GCN-251222_170549,43207,2025-12-22 20:41:05.000352008+00:00,18.583287296387883,,,bessellr,,,GCN,,not_found
GCN-251222_170549,43208,2025-12-22 20:13:09.999839758+00:00,18.55,,,sdssr,,,GCN,,not_found
GCN-251222_170549,43209,2025-12-22 23:04:16.999967879+00:00,19.51,19.51,0.0,gotol,L,False,GCN,,time_match
GCN-251222_170549,43212,2025-12-22 18:50:37.000000193+00:00,18.55,18.55,0.0,sdssr,r',False,GCN,,family_order_match
GCN-251222_170549,43224,2025-12-23 19:09:39.000384077+00:00,19.991311834510807,,,besselli,,,GCN,,not_found
GCN-251222_170549,43225,2025-12-23 05:06:59.996159939+00:00,19.83,,,sdssr,,,GCN,,not_found
GCN-251222_170549,43225,2025-12-23 05:06:59.999616224+00:00,19.83,,,standard::r,,,GCN,,not_found
GCN-251222_170549,43225,2025-12-23 05:19:30.000000250+00:00,19.39,19.39,0.0,sdssz,z,False,GCN,,family_order_match
GCN-251222_170549,43226,2025-12-22 21:37:40.999872233+00:00,19.150087107458138,20.8,-1.6499128925418631,bessellv,19.14,False,GCN,,time_match
GCN-251222_170549,43226,2025-12-22 21:39:48.000096172+00:00,18.963287296387882,21.4,-2.436712703612116,bessellr,18.77,False,GCN,,time_match
GCN-251222_170549,43230,2025-12-23 19:00:01.839744138+00:00,20.653287296387884,20.46,0.1932872963878829,bessellr,R,False,GCN,AbAO/AS-32,family_order_match
GCN-251222_170549,43233,2025-12-23 22:19:53.999904233+00:00,20.68,20.68,0.0,sdssr,r,False,GCN,,family_order_match
GCN-251222_170549,43236,2025-12-23 11:09:21.599711930+00:00,19.48,19.48,0.0,sdssi,i,False,GCN,SLT,family_order_match
GCN-251222_170549,43273,2025-12-25 15:02:34.999872155+00:00,21.853287296387883,21.66,0.1932872963878829,bessellr,R,False,GCN,,family_order_match
GCN-260117_194305,43440,2026-01-17 19:48:01.000032039+00:00,18.5,18.5,0.0,sdssi,i,False,GCN,,family_order_match
GCN-260117_194305,43440,2026-01-17 19:57:31.000319930+00:00,19.7,19.7,0.0,sdssg,g,False,GCN,,family_order_match
GCN-260117_194305,43441,2026-01-18 00:05:00.999999957+00:00,22.98,,,2massh,,,GCN,,not_found
GCN-260117_194305,43441,2026-01-18 00:05:00.999999957+00:00,23.8,,,2massh,,,GCN,,not_found
GCN-260117_194305,43445,2026-01-18 07:56:00.000000055+00:00,23.7,24.27,-0.5700000000000003,2massh,r,False,GCN,,time_match
GCN-260117_194305,43445,2026-01-18 07:56:00.000000055+00:00,24.27,24.41,-0.14000000000000057,2massh,r,False,GCN,,time_match
GCN-260204_144829,43617,2026-02-04 16:23:41.999999645+00:00,19.3,,,gotol,,,GCN,,not_found
GCN-260204_144829,43620,2026-02-04 16:02:37.000000026+00:00,20.5,20.5,0.0,gaia::grp,VT_R,False,VT,,family_order_match
GCN-260204_144829,43620,2026-02-04 16:02:37.000000026+00:00,21.3,21.3,0.0,gaia::gbp,VT_B,False,VT,,family_order_match
GCN-260204_144829,43621,2026-02-04 15:14:30.999999929+00:00,20.26,20.26,0.0,sdssr,r,False,LCO-SAAO,,family_order_match
GCN-260204_144829,43621,2026-02-04 15:27:13.000000150+00:00,19.49,19.49,0.0,sdssz,z,False,LCO-SAAO,,family_order_match
GCN-260204_144829,43623,2026-02-05 08:48:48.999999680+00:00,23.3,23.3,0.0,gaia::gbp,VT_B,False,VT,,family_order_match
GCN-260204_144829,43623,2026-02-05 08:48:48.999999680+00:00,23.1,,,gaia::grp,,,VT,,not_found
GCN-260204_144829,43669,2026-02-04 21:36:08.000000112+00:00,20.8,,,uvot::u,,,UVOTXRT,,not_found
GCN-260211_192424,43707,2026-02-12 04:49:30.000000046+00:00,21.6,21.6,0.0,sdssz,z,False,COLIBRI-VIS,,family_order_match
GCN-260211_192424,43707,2026-02-12 04:49:30.000000046+00:00,23.0,23.0,0.0,sdssr,r,False,COLIBRI-VIS,,family_order_match
GCN-260211_192424,43709,2026-02-12 02:42:49.999999991+00:00,22.2,,,sdssr,,,LCO-SAAO,,not_found
GCN-260211_192424,43715,2026-02-11 20:04:10.999999790+00:00,20.12,,,gaia::gbp,,,GCN,,not_found
GCN-260211_192424,43718,2026-02-11 20:42:30.999999957+00:00,20.6,,,gotol,,,GCN,,not_found
GCN-260211_192424,43720,2026-02-11 20:55:45.000000111+00:00,23.0,,,gaia::gbp,,,VT,,not_found
GCN-260211_192424,43720,2026-02-11 21:45:32.999999538+00:00,22.5,,,gaia::grp,,,VT,,not_found
GCN-260211_192424,43720,2026-02-12 00:46:09.000000413+00:00,22.6,22.6,0.0,gaia::grp,VT_R,False,VT,,family_order_match
GCN-260211_192424,43720,2026-02-12 01:21:33.000000298+00:00,22.5,,,gaia::gbp,,,VT,,not_found
GCN-260211_192424,43748,2026-02-14 14:22:09.000000330+00:00,23.5,,,gaia::grp,,,VT,,not_found
GCN-260211_192424,43923,2026-03-03 04:02:56.999999673+00:00,22.91,22.91,0.0,gaia::grp,VT_R,False,VT,,family_order_match
GCN-260211_192424,43923,2026-03-05 02:50:57.000000053+00:00,22.85,22.85,0.0,gaia::grp,VT_R,False,VT,,family_order_match
GCN-260211_192424,43938,2026-03-06 21:48:33.000000131+00:00,22.5,22.5,0.0,sdssi,i,False,GCN,,family_order_match
GCN-260218_045328,43783,2026-02-19 09:08:54.999999962+00:00,21.36,21.36,0.0,sdssz,z,False,COLIBRI-VIS,,family_order_match
GCN-260218_045328,43783,2026-02-19 09:08:54.999999962+00:00,22.5,22.5,0.0,sdssr,r,False,COLIBRI-VIS,,family_order_match
GCN-260218_045328,43784,2026-02-18 23:32:53.000000001+00:00,21.5,,,gaia::gbp,,,GCN,,not_found
GCN-260218_045328,43792,2026-02-18 06:38:38.999999578+00:00,22.1,,,sdssr,,,LCO-SAAO,,not_found
GCN-260218_045328,43792,2026-02-18 06:40:39.999999573+00:00,20.2,20.2,0.0,sdssz,z,False,LCO-SAAO,,family_order_match
GCN-260218_045328,43819,2026-02-18 16:55:29.999999953+00:00,20.7,20.7,0.0,sdssi,i,False,GCN,,family_order_match
GCN-260218_045328,43819,2026-02-18 17:12:17.999999853+00:00,20.7,20.7,0.0,sdssg,g,False,GCN,,family_order_match
GCN-260218_045328,43819,2026-02-18 17:29:06.000000365+00:00,20.9,20.9,0.0,sdssr,r,False,GCN,,family_order_match
GCN-260225_085105,43837,2026-02-25 09:42:59.999999610+00:00,21.55,21.55,0.0,sdssr,r,False,COLIBRI-VIS,,family_order_match
GCN-260225_085105,43838,2026-02-25 09:55:27.000000091+00:00,22.0,,,gaia::grp,,,VT,,not_found
GCN-260225_085105,43838,2026-02-25 09:59:03.000000298+00:00,22.09,,,gaia::gbp,,,VT,,not_found
GCN-260225_085105,43861,2026-02-25 09:24:10.000000120+00:00,19.5,19.5,0.0,2massj,J,False,GCN,,family_order_match
GCN-260225_085105,43872,2026-02-26 19:53:39.000000413+00:00,23.3,23.3,0.0,gaia::grp,VT_R,False,VT,,family_order_match
GCN-260225_085105,43872,2026-02-26 19:56:03.000000131+00:00,23.6,23.6,0.0,gaia::gbp,VT_B,False,VT,,family_order_match
GCN-260228_205535,43886,2026-02-28 22:05:13.000000038+00:00,23.3,,,gaia::gbp,,,VT,,not_found
GCN-260228_205535,43886,2026-02-28 22:06:03.000000409+00:00,23.0,,,gaia::grp,,,VT,,not_found
GCN-260228_205535,43892,2026-03-01 09:40:00.000000278+00:00,22.5,22.5,0.0,sdssz,z,False,COLIBRI-VIS,,family_order_match
GCN-260228_205535,43892,2026-03-01 09:40:00.000000278+00:00,23.3,23.3,0.0,sdssr,r,False,COLIBRI-VIS,,family_order_match
GCN-260228_205535,43893,2026-03-01 03:34:00.000000361+00:00,21.0,,,sdssi,,,GCN,,not_found
GCN-260228_205535,43893,2026-03-01 03:34:00.000000361+00:00,22.1,,,sdssr,,,GCN,,not_found
GCN-260303_060127,42916,2026-03-03 06:22:50.999999882+00:00,17.62,,,gaia::grp,,,VT,,not_found
GCN-260303_060127,42916,2026-03-03 06:22:50.999999882+00:00,19.29,,,gaia::gbp,,,VT,,not_found
GCN-260303_060127,42916,2026-03-03 06:59:57.000000350+00:00,19.51,,,gaia::grp,,,VT,,not_found
GCN-260303_060127,42916,2026-03-03 06:59:57.000000350+00:00,20.48,,,gaia::gbp,,,VT,,not_found
GCN-260303_060127,43902,2026-03-03 06:13:31.999999961+00:00,18.19,18.19,0.0,sdssz,z,False,COLIBRI-VIS,,family_order_match
GCN-260303_060127,43902,2026-03-03 06:13:31.999999961+00:00,18.69,18.69,0.0,sdssr,r,False,COLIBRI-VIS,,family_order_match
GCN-260303_060127,43915,2026-03-03 07:08:36.000000337+00:00,19.2,,,2massj,,,GCN,,not_found
GCN-260303_060127,43925,2026-03-03 15:19:28.999999810+00:00,20.29,,,bessellr,,,GCN,,not_found
GCN-260321_181148,44080,2026-03-21 19:19:20.000000009+00:00,22.5,,,gaia::grp,,,VT,,not_found
GCN-260321_181148,44080,2026-03-21 19:19:55.999999623+00:00,22.7,,,gaia::gbp,,,VT,,not_found
GCN-260321_181148,44102,2026-03-22 08:03:59.000000126+00:00,23.6,23.6,0.0,sdssz,z,False,COLIBRI-VIS,,family_order_match
GCN-260321_181148,44102,2026-03-22 08:03:59.000000126+00:00,24.7,24.7,0.0,sdssr,r,False,COLIBRI-VIS,,family_order_match
GCN-260330_141932,44158,2026-03-30 17:10:57.000000406+00:00,20.4,,,sdssr,,,LCO-SAAO,,not_found
GCN-260330_141932,44158,2026-03-30 17:11:33.000000020+00:00,19.2,19.2,0.0,sdssz,z,False,LCO-SAAO,,family_order_match
GCN-260330_141932,44168,2026-03-30 15:19:57.000000063+00:00,22.5,,,gaia::grp,,,VT,,not_found
GCN-260330_141932,44168,2026-03-30 15:21:45.000000167+00:00,22.7,,,gaia::gbp,,,VT,,not_found
GCN-260330_141932,44205,2026-03-30 19:16:21.000000282+00:00,22.67,22.67,0.0,gaia::grp,VT_R,False,VT,,family_order_match
GCN-260330_141932,44205,2026-03-31 09:22:20.999999781+00:00,22.12,22.12,0.0,gaia::grp,VT_R,False,VT,,family_order_match
GCN-260330_141932,44212,2026-04-03 14:47:18.000000409+00:00,24.0,,,gaia::gbp,,,VT,,not_found
GCN-260330_141932,44212,2026-04-03 14:47:18.000000409+00:00,22.7,,,gaia::grp,,,VT,,not_found
GCN-260402_103018,44183,2026-04-02 11:14:34.000000209+00:00,22.0,22.0,0.0,sdssz,z,False,COLIBRI-VIS,,family_order_match
GCN-260402_103018,44183,2026-04-02 11:14:34.000000209+00:00,22.6,22.6,0.0,sdssr,r,False,COLIBRI-VIS,,family_order_match
GCN-260402_103018,44184,2026-04-02 10:55:45.999999929+00:00,19.1,,,ps1::open,,,GCN,,not_found
GCN-260402_103018,44185,2026-04-02 11:00:14.999999944+00:00,19.5,,,sdssr,,,KNC,,not_found
GCN-260402_103018,44189,2026-04-02 13:11:41.000000208+00:00,19.0,19.0,0.0,sdssi,i,False,GCN,,family_order_match
GCN-260402_103018,44190,2026-04-02 11:01:34.999999786+00:00,23.0,,,gaia::grp,,,VT,,not_found
GCN-260402_103018,44190,2026-04-02 11:01:34.999999786+00:00,23.1,,,gaia::gbp,,,VT,,not_found
GCN-260402_103018,44191,2026-04-02 14:09:35.999999697+00:00,20.5,,,sdssr,,,GCN,,not_found
GCN-260402_103018,44192,2026-04-02 11:28:51.999999608+00:00,18.9,18.9,0.0,2massj,J,False,GCN,,family_order_match
GCN-260402_103018,44199,2026-04-02 14:51:48.000000029+00:00,18.199301877529052,,,2massj,,,GCN,,not_found
GCN-260402_103018,44230,2026-04-07 13:19:07.999999714+00:00,22.13,,,ps1::open,,,GCN,,not_found
GCN-260402_103018,44233,2026-04-02 19:52:55.000000185+00:00,19.77,20.21,-0.4400000000000013,sdssu,g,False,GCN,,time_match
GCN-260402_103018,44233,2026-04-02 19:52:58.000000261+00:00,20.23,20.23,0.0,sdssi,i,False,GCN,,time_match
GCN-260402_103018,44233,2026-04-02 19:53:08.000000085+00:00,20.21,19.77,0.4400000000000013,sdssg,u,False,GCN,,time_match
GCN-260402_103018,44233,2026-04-02 19:55:40.000000408+00:00,18.81,20.33,-1.5199999999999996,standard::v,r,False,GCN,,time_match
GCN-260402_103018,44233,2026-04-02 19:55:41.999999617+00:00,19.48,19.48,0.0,sdssz,z,False,GCN,,time_match
GCN-260421_041318,44365,2026-04-21 04:31:37.000000044+00:00,18.47,,,2massh,,,GCN,,not_found
GCN-260421_041318,44365,2026-04-21 04:44:06.999999970+00:00,18.92,,,2massh,,,GCN,,not_found
GCN-260421_041318,44377,2026-04-21 04:18:56.000000059+00:00,15.77,15.77,0.0,gaia::grp,VT_R,False,VT,,family_order_match
GCN-260421_041318,44377,2026-04-21 04:18:56.000000059+00:00,16.23,16.23,0.0,gaia::gbp,VT_B,False,VT,,family_order_match
GCN-260421_041318,44377,2026-04-21 07:49:21.000000449+00:00,20.94,20.94,0.0,gaia::gbp,VT_B,False,VT,,family_order_match
GCN-260421_041318,44377,2026-04-21 07:53:28.999999959+00:00,20.52,20.52,0.0,gaia::grp,VT_R,False,VT,,family_order_match
GCN-260504_093119,44456,2026-05-04 09:45:42.999999992+00:00,19.66,19.66,0.0,sdssz,z,False,LCO-SAAO,,family_order_match
GCN-260504_093119,44477,2026-05-04 09:42:28.999999903+00:00,22.5,,,gaia::gbp,,,VT,,not_found
GCN-260504_093119,44477,2026-05-04 12:06:42.999999909+00:00,23.0,,,gaia::grp,,,VT,,not_found
GCN-260509_215104,44505,2026-05-09 21:56:18.999999680+00:00,20.13,20.13,0.0,gotol,L,False,GCN,,family_order_match
GCN-260509_215104,44506,2026-05-09 23:46:20.999711740+00:00,19.79,,,sdssr,,,GCN,,not_found
GCN-260509_215104,44506,2026-05-10 00:30:08.999740800+00:00,19.76,19.76,0.0,sdssz,z,False,GCN,,family_order_match
GCN-260509_215104,44507,2026-05-09 23:18:30.999999660+00:00,20.38,20.38,0.0,gaia::gbp,VT_B,False,VT,,time_match
GCN-260509_215104,44507,2026-05-09 23:18:30.999999660+00:00,19.8,19.8,0.0,gaia::grp,VT_R,False,VT,,time_match
GCN-260509_215104,44507,2026-05-09 23:58:59.000000200+00:00,20.67,20.67,0.0,gaia::gbp,VT_B,False,VT,,time_match
GCN-260509_215104,44507,2026-05-09 23:58:59.000000200+00:00,20.18,20.18,0.0,gaia::grp,VT_R,False,VT,,time_match
GCN-260509_215104,44509,2026-05-10 03:34:59.999999926+00:00,21.25,21.25,0.0,sdssg,g,False,GCN,,time_match
GCN-260509_215104,44509,2026-05-10 03:42:59.999999610+00:00,21.31,21.31,0.0,sdssr,r,False,GCN,,family_order_match
GCN-260509_215104,44509,2026-05-10 03:42:59.999999610+00:00,20.81,20.81,0.0,sdssz,z,False,GCN,,family_order_match
GCN-260509_215104,44509,2026-05-10 03:50:59.999999916+00:00,20.97,20.97,0.0,sdssi,i,False,GCN,,family_order_match
GCN-260509_215104,44510,2026-05-10 05:13:20.999683277+00:00,21.293287296387884,,,bessellr,,,GCN,,not_found
GCN-260509_215104,44512,2026-05-10 00:41:10.999999901+00:00,20.2,20.2,0.0,ps1::open,C,False,GCN,MASTER-OAFA,time_match
GCN-260509_215104,44512,2026-05-10 00:41:12.000000137+00:00,20.5,20.5,0.0,ps1::open,C,False,GCN,MASTER-OAFA,time_match
GCN-260509_215104,44512,2026-05-10 00:42:28.999999903+00:00,20.2,20.2,0.0,ps1::open,C,False,GCN,MASTER-OAFA,time_match
GCN-260509_215104,44512,2026-05-10 00:43:46.999999905+00:00,20.2,20.2,0.0,ps1::open,C,False,GCN,MASTER-OAFA,time_match
GCN-260509_215104,44512,2026-05-10 00:45:03.000000075+00:00,20.2,20.2,0.0,ps1::open,C,False,GCN,MASTER-OAFA,time_match
GCN-260509_215104,44512,2026-05-10 00:45:03.999999680+00:00,20.5,20.5,0.0,ps1::open,C,False,GCN,MASTER-OAFA,time_match
GCN-260509_215104,44512,2026-05-10 00:46:19.000000237+00:00,20.2,20.2,0.0,ps1::open,C,False,GCN,MASTER-OAFA,time_match
GCN-260509_215104,44512,2026-05-10 00:47:36.000000003+00:00,20.2,20.2,0.0,ps1::open,C,False,GCN,MASTER-OAFA,time_match
GCN-260509_215104,44512,2026-05-10 00:48:55.000000241+00:00,20.2,20.2,0.0,ps1::open,C,False,GCN,MASTER-OAFA,time_match
GCN-260509_215104,44512,2026-05-10 00:48:55.999999846+00:00,20.4,20.4,0.0,ps1::open,C,False,GCN,MASTER-OAFA,time_match
GCN-260509_215104,44512,2026-05-10 00:50:12.000000007+00:00,20.2,20.2,0.0,ps1::open,C,False,GCN,MASTER-OAFA,time_match
GCN-260509_215104,44512,2026-05-10 00:51:31.000000245+00:00,20.2,20.2,0.0,ps1::open,C,False,GCN,MASTER-OAFA,time_match
GCN-260509_215104,44512,2026-05-10 00:52:48.000000020+00:00,20.2,20.2,0.0,ps1::open,C,False,GCN,MASTER-OAFA,time_match
GCN-260509_215104,44512,2026-05-10 00:52:48.999999624+00:00,20.4,20.4,0.0,ps1::open,C,False,GCN,MASTER-OAFA,time_match
GCN-260509_215104,44512,2026-05-10 00:54:06.000000022+00:00,20.2,20.2,0.0,ps1::open,C,False,GCN,MASTER-OAFA,time_match
GCN-260509_215104,44512,2026-05-10 00:55:24.000000024+00:00,20.2,20.2,0.0,ps1::open,C,False,GCN,MASTER-OAFA,time_match
GCN-260509_215104,44512,2026-05-10 00:56:38.999999950+00:00,20.2,20.2,0.0,ps1::open,C,False,GCN,MASTER-OAFA,time_match
GCN-260509_215104,44512,2026-05-10 00:56:40.000000185+00:00,20.4,20.4,0.0,ps1::open,C,False,GCN,MASTER-OAFA,time_match
GCN-260509_215104,44513,2026-05-10 01:53:24.999999656+00:00,20.88,20.67,0.2099999999999973,sdssg,0.16825,False,GCN,,time_match
GCN-260509_215104,44513,2026-05-10 01:53:24.999999656+00:00,20.67,,,sdssr,,,GCN,,not_found
GCN-260509_215104,44513,2026-05-10 01:53:24.999999656+00:00,20.51,,,sdssi,,,GCN,,not_found
GCN-260509_215104,44516,2026-05-09 23:11:49.056000112+00:00,20.0,20.0,0.0,sdssg,g,False,GCN,,time_match
GCN-260509_215104,44516,2026-05-09 23:19:56.351999740+00:00,19.83,19.83,0.0,sdssr,r,False,GCN,,time_match
GCN-260509_215104,44516,2026-05-09 23:28:01.055999758+00:00,19.81,19.81,0.0,sdssi,i,False,GCN,,time_match
GCN-260509_215104,44516,2026-05-09 23:35:07.008000+00:00,19.61,19.61,0.0,sdssz,z,False,GCN,,time_match
GCN-260509_215104,44563,2026-05-10 19:04:11.000000003+00:00,24.0,,,sdssr,,,GCN,,not_found
GCN-260509_215104,44590,2026-05-10 04:11:20.999644756+00:00,19.6,,,2massj,,,GCN,,not_found
GCN-260509_215104,44590,2026-05-10 04:13:51.011644774+00:00,20.91,20.91,0.0,2massj,J,False,GCN,,family_order_match
GCN-260509_215104,44598,2026-05-09 22:13:13.799682940+00:00,20.05,20.05,0.0,gaia::gbp,VT_B,False,VT,,family_order_match
GCN-260509_215104,44598,2026-05-09 22:13:13.799682940+00:00,19.47,19.47,0.0,gaia::grp,VT_R,False,VT,,family_order_match
GCN-260509_215104,44598,2026-05-10 06:01:20.999741076+00:00,21.76,21.76,0.0,gaia::gbp,VT_B,False,VT,,family_order_match
GCN-260509_215104,44598,2026-05-10 06:05:32.999683053+00:00,21.48,21.48,0.0,gaia::grp,VT_R,False,VT,,family_order_match
GCN-260509_215104,44662,2026-05-15 20:27:53.000063766+00:00,24.2,,,sdssr,,,GCN,,not_found
GCN-260510_121915,44518,2026-05-10 12:38:19.999999536+00:00,20.0,20.0,0.0,sdssz,z,False,LCO-SAAO,,family_order_match
GCN-260510_121915,44518,2026-05-10 14:13:19.999999879+00:00,20.7,,,sdssr,,,LCO-SAAO,,not_found
GCN-260510_121915,44522,2026-05-10 12:23:17.000000304+00:00,20.3,,,gotol,,,GCN,,not_found
GCN-260510_121915,44522,2026-05-10 13:30:27.000000025+00:00,20.5,,,gotol,,,GCN,,not_found
GCN-260510_121915,44528,2026-05-10 12:42:38.000000122+00:00,23.0,,,gaia::gbp,,,VT,,not_found
GCN-260510_171342,44527,2026-05-10 18:19:43.999680190+00:00,23.2,,,gaia::gbp,,,VT,,not_found
GCN-260510_171342,44527,2026-05-10 18:24:32.000256086+00:00,23.1,,,gaia::grp,,,VT,,not_found
GCN-260510_171342,44530,2026-05-11 05:11:06.800352095+00:00,20.23,,,sdssz,,,GCN,,not_found
GCN-260510_171342,44530,2026-05-11 05:11:06.800352095+00:00,21.32,,,sdssr,,,GCN,,not_found
GCN-260511_061333,44533,2026-05-11 06:19:38.000000029+00:00,17.9,,,sdssr,,,GCN,,not_found
GCN-260511_061333,44534,2026-05-11 06:21:18.499679965+00:00,16.43,16.43,0.0,sdssz,z,False,GCN,,family_order_match
GCN-260511_061333,44534,2026-05-11 06:21:18.499679965+00:00,16.86,16.86,0.0,sdssr,r,False,GCN,,family_order_match
GCN-260511_061333,44535,2026-05-11 06:28:31.999584224+00:00,18.05,18.05,0.0,sdssz,z,False,GCN,,family_order_match
GCN-260511_061333,44535,2026-05-11 06:34:31.999872060+00:00,18.88,,,sdssr,,,GCN,,not_found
GCN-260511_061333,44536,2026-05-11 06:16:56.999712190+00:00,16.904372865820083,,,ps1::open,,,GCN,,not_found
GCN-260511_061333,44538,2026-05-11 06:26:52.000224060+00:00,18.61,18.61,0.0,gaia::grp,VT_R,False,VT,,time_match
GCN-260511_061333,44538,2026-05-11 07:42:48.999744112+00:00,19.65,19.65,0.0,gaia::grp,VT_R,False,VT,,time_match
GCN-260511_061333,44538,2026-05-11 07:42:48.999744112+00:00,21.15,21.15,0.0,gaia::gbp,VT_B,False,VT,,time_match
GCN-260511_061333,44545,2026-05-11 09:09:31.999967749+00:00,20.68,,,sdssr,,,GCN,,not_found
GCN-260511_061333,44562,2026-05-11 06:20:22.000127870+00:00,14.272841501152188,12.9,1.3728415011521875,2massh,H,False,GCN,,family_order_match
GCN-260511_061333,44575,2026-05-12 00:13:32.000160267+00:00,23.43,,,gaia::gbp,,,VT,,not_found
GCN-260511_110100,44547,2026-05-11 11:45:51.200351766+00:00,15.56,,,sdssr,,,GCN,,not_found
GCN-260511_110100,44549,2026-05-11 11:12:27.999936181+00:00,13.293287296387883,13.1,0.1932872963878829,bessellr,,False,GCN,,time_match
GCN-260511_110100,44549,2026-05-11 11:12:27.999936181+00:00,13.541311834510802,,,besselli,,,GCN,,not_found
GCN-260511_110100,44549,2026-05-11 11:22:48.999999624+00:00,14.899999999999999,14.9,-1.7763568394002505e-15,sdssg,,False,GCN,,time_match
GCN-260511_110100,44549,2026-05-11 11:22:48.999999624+00:00,14.941311834510804,,,besselli,,,GCN,,not_found
GCN-260511_110100,44549,2026-05-11 11:22:48.999999624+00:00,15.093287296387883,,,bessellr,,,GCN,,not_found
GCN-260511_110100,44552,2026-05-11 13:14:19.000000052+00:00,17.83,17.83,0.0,gaia::gbp,VT_B,False,VT,,time_match
GCN-260511_110100,44557,2026-05-11 13:51:00.000000334+00:00,16.91930187752905,16.02,0.8993018775290516,2massj,J,False,GCN,,family_order_match
GCN-260511_110100,44561,2026-05-11 16:22:52.319999801+00:00,18.27,18.27,0.0,sdssr,r',False,GCN,,time_match
GCN-260511_110100,44561,2026-05-11 16:30:06.911999827+00:00,18.54,18.54,0.0,sdssg,g',False,GCN,,time_match
GCN-260511_110100,44561,2026-05-11 16:37:05.087999948+00:00,18.1,18.1,0.0,sdssi,i',False,GCN,,time_match
GCN-260511_110100,44565,2026-05-11 21:05:13.009920224+00:00,19.3,19.3,0.0,sdssr,r,False,GTC/OSIRIS,,family_order_match
GCN-260511_110100,44567,2026-05-12 03:23:59.999999665+00:00,19.67,19.67,0.0,sdssz,z,False,COLIBRI-VIS,,time_match
GCN-260511_110100,44567,2026-05-12 03:23:59.999999665+00:00,19.99,19.99,0.0,sdssr,r,False,COLIBRI-VIS,,time_match
GCN-260511_110100,44568,2026-05-11 14:27:31.999999766+00:00,17.61,,,gaia::grp,,,VT,,not_found
GCN-260511_110100,44568,2026-05-11 14:27:31.999999766+00:00,18.0,18.0,0.0,gaia::gbp,VT_B,False,VT,,family_order_match
GCN-260511_110100,44568,2026-05-11 21:10:04.000000376+00:00,19.05,,,gaia::grp,,,VT,,not_found
GCN-260511_110100,44568,2026-05-11 21:10:04.000000376+00:00,19.52,19.52,0.0,gaia::gbp,VT_B,False,VT,,family_order_match
GCN-260511_110100,44572,2026-05-11 21:44:05.999999948+00:00,19.45,19.45,0.0,gotol,L,False,GCN,GOTO,time_match
GCN-260511_110100,44574,2026-05-12 00:14:07.999999575+00:00,19.68,,,sdssr,,,LCO-SAAO,,not_found
GCN-260511_110100,44574,2026-05-12 05:08:56.000000402+00:00,19.71,19.71,0.0,sdssz,z,False,GCN,,family_order_match
GCN-260511_110100,44576,2026-05-11 16:49:07.999999927+00:00,18.32,,,bessellr,,,GCN,,not_found
GCN-260511_110100,44577,2026-05-12 03:03:31.999679913+00:00,19.81,,,sdssr,,,GCN,,not_found
GCN-260511_110100,44577,2026-05-12 03:40:43.999999875+00:00,20.21,20.21,0.0,sdssg,g',False,GCN,,family_order_match
GCN-260511_110100,44577,2026-05-12 03:44:20.000000083+00:00,19.71,19.71,0.0,sdssi,i',False,GCN,,family_order_match
GCN-260511_110100,44582,2026-05-11 19:28:40.000000157+00:00,18.75,18.75,0.0,bessellr,Rc,False,GCN,,family_order_match
GCN-260511_110100,44582,2026-05-11 19:30:11.983680095+00:00,19.100087107458137,19.09,0.010087107458137012,bessellv,V,False,GCN,,family_order_match
GCN-260511_110100,44582,2026-05-11 19:31:26.999999590+00:00,18.941311834510806,18.5,0.441311834510806,besselli,Ic,False,GCN,,family_order_match
GCN-260511_110100,44582,2026-05-11 19:34:18.999999569+00:00,19.45785974656259,19.56,-0.10214025343740829,bessellb,B,False,GCN,,family_order_match
GCN-260511_110100,44592,2026-05-11 21:54:49.999999619+00:00,18.86008710745814,,,bessellv,,,GCN,,not_found
GCN-260511_110100,44592,2026-05-11 23:01:51.999999988+00:00,18.960087107458136,,,bessellv,,,GCN,,not_found
GCN-260511_110100,44593,2026-05-11 16:22:15.000000055+00:00,17.55930187752905,16.66,0.8993018775290516,2massj,J,False,GCN,,family_order_match
GCN-260511_110100,44593,2026-05-11 16:34:36.799679853+00:00,17.469301877529052,16.57,0.8993018775290516,2massj,J,False,GCN,,family_order_match
GCN-260511_110100,44593,2026-05-11 16:46:47.596799758+00:00,17.749301877529053,16.85,0.8993018775290516,2massj,J,False,GCN,,family_order_match
GCN-260511_110100,44593,2026-05-11 16:59:37.999680120+00:00,18.05930187752905,17.16,0.8993018775290516,2massj,J,False,GCN,,family_order_match
GCN-260511_110100,44593,2026-05-11 17:11:59.596799904+00:00,17.999301877529053,17.1,0.8993018775290516,2massj,J,False,GCN,,family_order_match
GCN-260511_110100,44593,2026-05-11 18:01:11.599680164+00:00,18.00930187752905,17.11,0.8993018775290516,2massj,J,False,GCN,,family_order_match
GCN-260511_110100,44593,2026-05-11 18:22:33.196799827+00:00,18.159301877529053,17.26,0.8993018775290516,2massj,J,False,GCN,,family_order_match
GCN-260511_110100,44593,2026-05-11 18:43:43.999622650+00:00,18.359301877529052,17.46,0.8993018775290516,2massj,J,False,GCN,,family_order_match
GCN-260511_110100,44600,2026-05-12 19:37:39.967680250+00:00,21.123287296387883,,,bessellr,,,GCN,,not_found
GCN-260511_110100,44600,2026-05-13 20:16:57.823680095+00:00,21.68328729638788,,,bessellr,,,GCN,,not_found
GCN-260511_110100,44610,2026-05-12 16:17:44.000000200+00:00,22.45,22.45,0.0,sdssu,u,False,GCN,,time_match
GCN-260511_110100,44610,2026-05-12 16:17:46.000000040+00:00,20.7,20.7,0.0,sdssi,i,False,GCN,,time_match
GCN-260511_110100,44610,2026-05-12 16:17:47.000000276+00:00,21.19,21.19,0.0,sdssg,g,False,GCN,,time_match
GCN-260511_110100,44610,2026-05-12 16:29:15.000000167+00:00,21.77,21.77,0.0,bessellv,v,False,GCN,,time_match
GCN-260511_110100,44610,2026-05-12 16:29:17.000000007+00:00,21.03,21.03,0.0,sdssr,r,False,Mephisto,,time_match
GCN-260511_110100,44610,2026-05-12 16:29:17.000000007+00:00,20.4,20.4,0.0,sdssz,z,False,GCN,,time_match
GCN-260511_110100,44615,2026-05-14 12:52:32.999999649+00:00,21.6,21.6,0.0,sdssr,r,False,GCN,,family_order_match
GCN-260511_110100,44618,2026-05-12 21:20:45.196799723+00:00,21.33,21.33,0.0,sdssr,r,False,GCN,,family_order_match
GCN-260515_190819,44624,2026-05-15 19:12:34.000000024+00:00,15.78,15.78,0.0,gaia::grp,VT_R,False,VT,,time_match
GCN-260515_190819,44624,2026-05-15 19:12:34.000000024+00:00,16.16,16.16,0.0,gaia::gbp,VT_B,False,VT,,time_match
GCN-260515_190819,44821,2026-06-03 04:26:17.999999649+00:00,24.0,,,gaia::gbp,,,VT,,not_found
GCN-260515_190819,44821,2026-06-03 04:26:17.999999649+00:00,23.5,,,gaia::grp,,,VT,,not_found
GCN-260516_203828,44653,2026-05-16 20:56:07.999999834+00:00,17.1,,,bessellr,,,GCN,,not_found
GCN-260516_203828,44653,2026-05-16 21:13:09.999999851+00:00,18.59328729638788,,,bessellr,,,GCN,,not_found
GCN-260516_203828,44654,2026-05-16 22:21:14.000000256+00:00,19.0,19.0,0.0,gaia::grp,VT_R,False,VT,,family_order_match
GCN-260516_203828,44654,2026-05-16 22:22:26.000000114+00:00,19.62,19.62,0.0,gaia::gbp,VT_B,False,VT,,family_order_match
GCN-260516_203828,44656,2026-05-17 02:55:06.000000421+00:00,21.0,,,ps1::open,,,GCN,,not_found
GCN-260603_053715,44791,2026-06-03 05:51:11.499840311+00:00,19.27,19.27,0.0,sdssz,z,False,GCN,,family_order_match
GCN-260603_053715,44791,2026-06-03 05:51:11.499840311+00:00,19.78,19.78,0.0,sdssr,r,False,GCN,,family_order_match
GCN-260603_053715,44797,2026-06-03 06:55:30.000288086+00:00,20.87,20.87,0.0,sdssz,z,False,GCN,,family_order_match
GCN-260603_053715,44797,2026-06-03 06:55:30.000288086+00:00,20.96,20.96,0.0,sdssi,i,False,GCN,,family_order_match
GCN-260603_053715,44797,2026-06-03 06:55:30.000288086+00:00,21.23,21.23,0.0,sdssr,r,False,GCN,,family_order_match
GCN-260603_053715,44797,2026-06-03 06:55:30.000288086+00:00,21.97,21.97,0.0,sdssg,g,False,GCN,,family_order_match
GCN-260603_053715,44799,2026-06-03 07:25:03.999999959+00:00,21.37,21.37,0.0,gaia::grp,VT_R,False,VT,,family_order_match
GCN-260603_053715,44799,2026-06-03 07:25:03.999999959+00:00,22.08,22.08,0.0,gaia::gbp,VT_B,False,VT,,family_order_match
GCN-260603_053715,44799,2026-06-03 09:02:16.000000356+00:00,21.74,21.74,0.0,gaia::grp,VT_R,False,VT,,family_order_match
GCN-260603_053715,44799,2026-06-03 09:02:51.999999970+00:00,22.4,22.4,0.0,gaia::gbp,VT_B,False,VT,,family_order_match
GCN-260603_053715,44800,2026-06-03 07:53:00.000000101+00:00,20.1,,,sdssr,,,KNC,,not_found
GCN-260603_053715,44820,2026-06-04 04:02:00.000384285+00:00,23.27,23.27,0.0,sdssr,r,False,GCN,,family_order_match
GCN-260604_202037,44827,2026-06-04 20:38:41.280000241+00:00,17.5,,,ps1::open,,,GCN,,not_found
GCN-260604_202037,44827,2026-06-04 20:41:47.000256216+00:00,16.42,,,ps1::open,,,GCN,,not_found
GCN-260604_202037,44827,2026-06-04 20:48:59.000255991+00:00,16.63,,,ps1::open,,,GCN,,not_found
GCN-260604_202037,44827,2026-06-04 20:56:11.000255758+00:00,16.85,,,ps1::open,,,GCN,,not_found
GCN-260604_202037,44827,2026-06-04 21:06:59.000255732+00:00,17.12,,,ps1::open,,,GCN,,not_found
GCN-260604_202037,44832,2026-06-04 20:32:13.999775887+00:00,16.1,16.1,0.0,bessellr,R,False,GCN,,time_match
GCN-260604_202037,44834,2026-06-05 03:46:00.000047974+00:00,19.69,,,sdssg,,,GCN,,not_found
GCN-260604_202037,44834,2026-06-05 03:46:00.000047974+00:00,19.56,,,sdssr,,,GCN,,not_found
GCN-260604_202037,44834,2026-06-05 03:46:00.000047974+00:00,19.38,19.38,0.0,sdssi,i,False,GCN,,family_order_match
GCN-260604_202037,44834,2026-06-05 03:46:00.000047974+00:00,19.21,,,sdssz,,,GCN,,not_found
GCN-260604_202037,44837,2026-06-04 23:46:15.000095697+00:00,18.45,18.45,0.0,gotol,,False,GCN,,time_match
GCN-260604_202037,44837,2026-06-05 00:54:04.999967723+00:00,18.7,18.7,0.0,gotol,,False,GCN,,time_match
GCN-260604_202037,44837,2026-06-05 02:00:28.000224267+00:00,19.6,19.06,0.5400000000000027,gotol,,False,GCN,,time_match
GCN-260604_202037,44843,2026-06-05 00:34:00.999999966+00:00,18.6,18.6,0.0,sdssr,r,False,GCN,,family_order_match
GCN-260604_202037,44844,2026-06-05 20:13:31.999999543+00:00,21.8,,,sdssr,,,GCN,,not_found
GCN-260604_202037,44858,2026-06-05 22:03:43.000000372+00:00,21.543287296387884,21.35,0.1932872963878829,bessellr,R,False,GCN,,family_order_match
GCN-260604_202037,44858,2026-06-06 21:06:50.999999892+00:00,21.723287296387884,21.53,0.1932872963878829,bessellr,R,False,GCN,,family_order_match
GCN-260604_202037,44862,2026-06-07 17:02:48.999839809+00:00,21.373287296387883,21.18,0.1932872963878829,bessellr,R,False,GCN,,family_order_match
GCN-260604_202037,44872,2026-06-05 16:02:47.000255706+00:00,21.1,21.1,0.0,sdssg,g,False,GCN,,family_order_match
GCN-260604_202037,44877,2026-06-08 20:34:35.999999558+00:00,23.27328729638788,,,bessellr,,,GCN,,not_found
GCN-260614_134953,44939,2026-06-14 13:56:46.000000124+00:00,16.35,16.35,0.0,gaia::grp,VT_R,False,VT,,time_match
GCN-260614_134953,44939,2026-06-14 13:56:46.000000124+00:00,19.25,19.25,0.0,gaia::gbp,VT_B,False,VT,,time_match
GCN-260614_134953,44939,2026-06-14 14:01:21.000000282+00:00,16.71,16.71,0.0,gaia::grp,VT_R,False,VT,,time_match
GCN-260614_134953,44943,2026-06-14 13:52:58.999999866+00:00,15.56,15.56,0.0,gaia::grp,VT_R,False,VT,,family_order_match
GCN-260614_134953,44943,2026-06-14 13:52:58.999999866+00:00,18.28,18.28,0.0,gaia::gbp,VT_B,False,VT,,family_order_match
GCN-260614_134953,44943,2026-06-14 16:55:53.000000307+00:00,20.3,20.3,0.0,gaia::grp,VT_R,False,VT,,family_order_match
GCN-260614_134953,44943,2026-06-14 16:59:28.999999875+00:00,23.0,23.0,0.0,gaia::gbp,VT_B,False,VT,,family_order_match
GCN-260619_021200,44999,2026-06-19 10:30:04.999999907+00:00,21.91,21.91,0.0,sdssz,z,False,GCN,,family_order_match
GCN-260619_021200,44999,2026-06-19 10:30:04.999999907+00:00,22.13,,,bessellr,,,GCN,,not_found
GCN-260619_021200,45003,2026-06-19 08:11:58.999999810+00:00,22.56,,,gaia::gbp,,,GCN,,not_found
GCN-260619_021200,45003,2026-06-19 08:11:58.999999810+00:00,22.63,,,gaia::grp,,,GCN,,not_found
GCN-260619_021200,45008,2026-06-19 06:11:59.000000228+00:00,21.4,,,bessellr,,,TRT,,not_found
GCN-260619_021200,45015,2026-06-20 04:58:04.999999730+00:00,22.26,22.26,0.0,sdssi,i,False,GCN,,family_order_match
GCN-260704_034025,45083,2026-07-05 02:47:02.400000155+00:00,22.5,22.5,0.0,sdssi,i,False,GCN,,family_order_match
GCN-260704_034025,45102,2026-07-05 09:22:37.000127991+00:00,22.7,22.7,0.0,sdssz,z,False,COLIBRI-VIS,,family_order_match
GCN-260704_034025,45102,2026-07-05 09:22:37.000127991+00:00,23.54,23.54,0.0,sdssr,r,False,COLIBRI-VIS,,family_order_match
GCN-260704_034025,45102,2026-07-06 08:33:02.999808086+00:00,23.19,23.19,0.0,sdssz,z,False,COLIBRI-VIS,,family_order_match
GCN-260704_034025,45102,2026-07-06 08:33:02.999808086+00:00,24.08,24.08,0.0,sdssr,r,False,GCN,,family_order_match
GCN-260705_130628,45084,2026-07-06 03:52:16.000000078+00:00,19.9,19.9,0.0,sdssz,z,False,GCN,,family_order_match
GCN-260705_130628,45084,2026-07-06 03:52:16.000000078+00:00,20.9,,,sdssr,,,GCN,,not_found
GCN-260705_130628,45105,2026-07-07 09:34:59.999999926+00:00,21.44,21.44,0.0,sdssi,i,False,GCN,,time_match
GCN-260705_130628,45105,2026-07-07 09:34:59.999999926+00:00,21.48,21.48,0.0,sdssr,r,False,GCN,,time_match
GCN-260706_161221,45098,2026-07-07 08:15:35.000000009+00:00,22.3,,,sdssr,,,GCN,,not_found
GCN-260706_161221,45100,2026-07-07 04:49:09.999999768+00:00,19.4,19.4,0.0,sdssr,r,False,GCN,,family_order_match
GCN-260706_161221,45113,2026-07-07 07:42:09.999999656+00:00,22.0,,,gaia::gbp,,,VT,,not_found
GCN-260706_161221,45113,2026-07-07 07:42:10.999999892+00:00,22.0,,,gaia::grp,,,VT,,not_found
GCN-260718_111632,45178,2026-07-18 12:01:03.000000270+00:00,21.5,21.5,0.0,gaia::grp,VT_R,False,VT,,family_order_match
GCN-260718_111632,45178,2026-07-18 12:01:03.999935749+00:00,21.5,21.5,0.0,gaia::gbp,VT_B,False,VT,,family_order_match
GCN-260718_111632,45178,2026-07-18 12:06:03.999743732+00:00,21.5,21.5,0.0,gaia::grp,VT_R,False,VT,,family_order_match
GCN-260718_111632,45179,2026-07-18 12:16:01.999999822+00:00,23.0,,,gaia::grp,,,VT,,not_found
GCN-260718_111632,45179,2026-07-18 12:17:43.999999782+00:00,23.2,,,gaia::gbp,,,VT,,not_found
GCN-260718_111632,45184,2026-07-18 18:39:31.000000412+00:00,20.1,,,sdssz,,,LCO-SAAO,,not_found
GCN-260718_111632,45185,2026-07-18 19:38:45.000000139+00:00,15.0,15.0,0.0,ps1::open,C,False,GCN,MASTER-SAAO,time_match
GCN-260718_111632,45185,2026-07-18 19:45:29.000000283+00:00,16.1,16.1,0.0,ps1::open,C,False,GCN,MASTER-SAAO,time_match
GCN-260718_111632,45185,2026-07-18 20:21:28.999999782+00:00,14.7,14.7,0.0,ps1::open,C,False,GCN,MASTER-SAAO,time_match
GCN-260718_111632,45185,2026-07-18 20:29:53.000000039+00:00,13.7,13.7,0.0,ps1::open,C,False,GCN,MASTER-SAAO,time_match
GCN-260718_111632,45185,2026-07-18 20:31:30.999999688+00:00,12.8,12.8,0.0,ps1::open,C,False,GCN,MASTER-SAAO,time_match
GCN-260718_111632,45185,2026-07-18 20:33:13.999999875+00:00,14.4,14.4,0.0,ps1::open,C,False,GCN,MASTER-SAAO,time_match
GCN-260718_111632,45185,2026-07-18 20:41:51.000000031+00:00,13.6,13.6,0.0,ps1::open,C,False,GCN,MASTER-SAAO,time_match
GRB-241025_013651,37862,2024-10-25 02:25:51.196799801+00:00,19.68,19.68,0.0,bessellr,R,False,TRT-SRO,,family_order_match
GRB-241025_013651,37889,2024-10-25 02:37:00.000192267+00:00,19.64,19.64,0.0,sdssr,r,False,COLIBRI-VIS,,family_order_match
GRB-241025_013651,37890,2024-10-25 16:08:57.998399930+00:00,20.3,20.3,0.0,sdssi,i',False,GCN,,time_match
GRB-241025_013651,37891,2024-10-25 17:18:57.202560086+00:00,20.07,,,sdssi,,,GCN,,not_found
GRB-241025_013651,37891,2024-10-25 17:18:57.202560086+00:00,22.04,,,sdssr,,,GCN,,not_found
GRB-241025_013651,37893,2024-10-25 14:42:49.999680017+00:00,20.643287296387882,,,bessellr,,,GCN,,not_found
GRB-241025_013651,37912,2024-10-26 17:43:50.998079922+00:00,21.893287296387882,21.7,0.1932872963878829,bessellr,R,False,GCN,,family_order_match
GRB-241025_013651,37914,2024-10-26 20:02:36.562560025+00:00,22.363287296387885,22.17,0.1932872963878829,bessellr,R,False,GCN,,family_order_match
GRB-241025_013651,37919,2024-10-25 01:40:09.999999888+00:00,17.55,17.55,0.0,uvot::white,white,False,UVOTXRT,,family_order_match
GRB-241025_013651,37923,2024-10-27 20:08:22.162560095+00:00,23.173287296387883,22.98,0.1932872963878829,bessellr,R,False,GCN,,family_order_match
GRB-241025_013651,38114,2024-10-28 04:58:26.002560069+00:00,23.6,23.6,0.0,sdssr,r',False,GCN,,family_order_match
GRB-250329_041752,39915,2025-03-29 04:18:00.000000167+00:00,17.91,17.91,0.0,sdssi,i,False,COLIBRI-VIS,,time_match
GRB-250424_065229,40224,2025-04-24 06:57:57.510144164+00:00,19.654311612155237,,,uvot::white,,,UVOTXRT,,not_found
GRB-250424_065229,40225,2025-04-24 06:53:50.513279930+00:00,15.872841501152188,14.5,1.3728415011521875,2massh,H,False,GCN,,family_order_match
GRB-250424_065229,40226,2025-04-24 07:32:59.999712043+00:00,19.4,19.4,0.0,ps1::w,w,False,GCN,,family_order_match
GRB-250424_065229,40228,2025-04-24 07:43:32.000160267+00:00,19.09,19.09,0.0,sdssr,r,False,GCN,,family_order_match
GRB-250424_065229,40229,2025-04-24 06:58:47.000063818+00:00,19.33,19.33,0.0,sdssu,u,False,GCN,,family_order_match
GRB-250424_065229,40229,2025-04-24 07:01:31.999872311+00:00,18.98,18.98,0.0,sdssg,g,False,GCN,,family_order_match
GRB-250424_065229,40229,2025-04-24 07:04:16.999680164+00:00,18.58,18.58,0.0,sdssr,r,False,GCN,,family_order_match
GRB-250424_065229,40229,2025-04-24 07:07:02.000351784+00:00,18.26,18.26,0.0,sdssi,i,False,GCN,,family_order_match
GRB-250424_065229,40229,2025-04-24 07:09:45.999647688+00:00,18.22,18.22,0.0,sdssz,z,False,GCN,,family_order_match
GRB-250424_065229,40230,2025-04-24 08:39:06.776000173+00:00,19.1,18.93,0.1700000000000017,sdssi,i,False,COLIBRI-VIS,,time_match
GRB-250424_065229,40241,2025-04-24 07:16:56.000000291+00:00,19.263087107458137,19.253,0.010087107458137012,bessellv,V,False,GCN,PROMPT-5,family_order_match
GRB-250424_065229,40241,2025-04-24 07:19:57.510335801+00:00,18.693287296387883,18.5,0.1932872963878829,bessellr,R,False,GCN,PROMPT-5,family_order_match
GRB-250424_065229,40244,2025-04-24 07:09:25.509996959+00:00,20.08097123571111,18.4,1.6809712357111124,uvot::uvm2,m2,False,UVOTXRT,,family_order_match
GRB-250424_065229,40244,2025-04-24 07:10:14.910000582+00:00,20.16160790047249,19.15,1.011607900472491,uvot::u,u,False,UVOTXRT,,family_order_match
GRB-250424_065229,40244,2025-04-24 07:11:15.909998498+00:00,20.948618409686887,19.44,1.5086184096868855,uvot::uvw1,w1,False,UVOTXRT,,family_order_match
GRB-250424_065229,40244,2025-04-24 07:11:52.559997728+00:00,18.699714357296564,18.7,-0.00028564270343522935,uvot::v,v,False,UVOTXRT,,family_order_match
GRB-250424_065229,40244,2025-04-24 07:12:04.709997210+00:00,19.857006613041904,19.97,-0.11299338695809524,uvot::b,b,False,UVOTXRT,,family_order_match
GRB-250424_065229,40244,2025-04-24 07:12:54.609998126+00:00,21.627151461521052,19.9,1.7271514615210535,uvot::uvw2,w2,False,UVOTXRT,,family_order_match
GRB-250424_065229,40263,2025-04-25 00:54:16.511039870+00:00,21.320087107458132,21.31,0.01008710745813346,bessellv,V,False,GCN,,family_order_match
GRB-250424_065229,40263,2025-04-25 06:52:12.999647965+00:00,21.96785974656259,22.07,-0.10214025343741184,bessellb,B,False,GCN,,family_order_match
GRB-250424_065229,40263,2025-04-25 07:07:20.000064302+00:00,21.04,21.04,0.0,sdssr,r,False,GCN,,family_order_match
GRB-250617_210150,40760,2025-06-17 21:16:21.110016120+00:00,18.17,,,uvot::white,,,UVOTXRT,,not_found
GRB-250617_210150,40761,2025-06-17 22:00:46.080000302+00:00,18.50328729638788,18.31,0.1932872963878829,bessellr,R,False,GCN,,family_order_match
GRB-250617_210150,40761,2025-06-17 22:13:54.912000181+00:00,18.853287296387883,18.66,0.1932872963878829,bessellr,R,False,GCN,,family_order_match
GRB-250617_210150,40762,2025-06-17 21:34:35.327999749+00:00,18.64,18.64,0.0,bessellr,R,False,GCN,,family_order_match
GRB-250617_210150,40772,2025-06-18 02:24:33.999999652+00:00,21.1,21.1,0.0,sdssg,VT_B,False,GCN,,time_match
GRB-250617_210150,40772,2025-06-18 02:24:33.999999652+00:00,20.11,20.11,0.0,besselli,VT_R,False,GCN,,time_match
GRB-250617_210150,40776,2025-06-18 08:14:26.109600311+00:00,21.3,21.3,0.0,sdssr,r,False,GCN,,family_order_match
GRB-250617_210150,40778,2025-06-17 21:16:21.610271775+00:00,18.18,18.18,0.0,uvot::white,white,False,UVOTXRT,,family_order_match
GRB-250617_210150,40778,2025-06-17 21:25:22.609919844+00:00,18.91,18.91,0.0,uvot::b,b,False,UVOTXRT,,family_order_match
GRB-250617_210150,40778,2025-06-17 21:31:19.610399974+00:00,18.3,18.3,0.0,uvot::uvm2,m2,False,UVOTXRT,,family_order_match
GRB-250617_210150,40778,2025-06-17 21:31:43.609727904+00:00,19.32,19.32,0.0,uvot::uvw1,w1,False,UVOTXRT,,family_order_match
GRB-250617_210150,40778,2025-06-17 21:31:56.610335697+00:00,19.2,19.2,0.0,uvot::uvw2,w2,False,UVOTXRT,,family_order_match
GRB-250617_210150,40778,2025-06-17 21:32:19.109759775+00:00,18.72,18.72,0.0,uvot::v,v,False,UVOTXRT,,family_order_match
GRB-250617_210150,40778,2025-06-18 01:16:14.110175835+00:00,19.97930187752905,,,2massj,,,GCN,,not_found
GRB-250617_210150,40783,2025-06-18 18:28:57.000287861+00:00,21.58,21.58,0.0,sdssr,r',False,GCN,,family_order_match
GRB-250617_210150,40789,2025-06-18 22:51:59.999999898+00:00,21.59328729638788,,,bessellr,,,GCN,,not_found
GRB-250617_210150,40804,2025-06-18 00:05:21.000191965+00:00,19.444372865820085,19.24,0.20437286582008696,ps1::open,CR,False,GCN,,family_order_match
GRB-250617_210150,40804,2025-06-18 01:47:28.000031870+00:00,20.954372865820083,20.75,0.2043728658200834,ps1::open,CR,False,GCN,,family_order_match
GRB-250617_210150,40823,2025-06-23 17:22:48.999936129+00:00,23.09328729638788,22.9,0.1932872963878829,bessellr,R,False,GCN,AZT-33IK,family_order_match
GRB-250617_210150,40823,2025-06-24 23:14:03.000192241+00:00,23.59328729638788,23.4,0.1932872963878829,bessellr,Rc,False,GCN,Zeiss-1000,family_order_match
GRB-250625_160457,40839,2025-06-26 20:21:41.999999673+00:00,21.13,21.13,0.0,bessellv,V,False,GCN,,family_order_match
GRB-250625_160457,40842,2025-06-25 16:08:17.999999908+00:00,20.0,,,sdssi,,,GCN,,not_found
GRB-250625_160457,40842,2025-06-25 16:31:28.000000456+00:00,20.52,,,sdssr,,,GCN,,not_found
GRB-250625_160457,40843,2025-06-25 19:40:01.000000300+00:00,20.2,,,bessellv,,,GCN,,not_found
GRB-250625_160457,40846,2025-06-26 01:09:07.000000044+00:00,23.75,23.75,0.0,sdssz,z,False,GTC/OSIRIS,,time_match
GRB-250625_160457,40848,2025-06-25 17:41:35.000000064+00:00,20.0,,,bessellr,,,GCN,,not_found
GRB-250625_160457,40848,2025-06-25 18:38:07.999999872+00:00,21.5,,,bessellr,,,GCN,,not_found
GRB-250628_005557,40859,2025-06-28 08:51:48.000000029+00:00,23.7,,,sdssg,,,GCN,,not_found
GRB-250628_005557,40865,2025-06-28 06:17:20.000000454+00:00,16.17284150115219,14.8,1.372841501152191,2massh,H,False,GCN,,family_order_match
GRB-250702_210643,40896,2025-07-02 21:33:57.999999899+00:00,17.12,17.12,0.0,gotol,L,False,GCN,,time_match
GRB-250702_210643,40900,2025-07-02 22:24:00.999999688+00:00,17.99,,,bessellr,,,GCN,,not_found
GRB-250702_210643,40925,2025-07-03 17:42:27.999999881+00:00,19.5,,,besselli,,,GCN,,not_found
GRB-250702_210643,40926,2025-07-02 21:38:42.999999881+00:00,17.33,,,ps1::open,,,GCN,,not_found
GRB-250702_210643,40926,2025-07-02 21:52:08.000000094+00:00,17.72,,,ps1::open,,,GCN,,not_found
GRB-250702_210643,40926,2025-07-02 22:05:46.999999812+00:00,17.96,,,ps1::open,,,GCN,,not_found
GRB-250702_210643,40926,2025-07-02 22:19:43.999999959+00:00,18.13,,,bessellr,,,GCN,,not_found
GRB-250702_210643,40926,2025-07-02 22:31:51.999999153+00:00,17.8,,,bessellr,,,GCN,,not_found
GRB-250702_210643,40926,2025-07-02 22:44:00.999999196+00:00,18.02,,,bessellr,,,GCN,,not_found
GRB-250702_210643,40926,2025-07-02 22:59:11.000000068+00:00,18.3,,,bessellr,,,GCN,,not_found
GRB-250702_210643,40926,2025-07-02 23:17:29.000000256+00:00,18.8,,,bessellr,,,GCN,,not_found
GRB-250702_210643,40926,2025-07-02 23:29:38.000000307+00:00,19.0,,,bessellr,,,GCN,,not_found
GRB-250702_210643,40926,2025-07-02 23:47:49.999999712+00:00,19.3,,,bessellr,,,GCN,,not_found
GRB-250702_210643,40933,2025-07-02 21:08:19.999999953+00:00,15.86,15.86,0.0,uvot::white,white,False,GCN,,family_order_match
GRB-250702_210643,40933,2025-07-02 21:11:51.999999849+00:00,15.04,15.04,0.0,uvot::u,u,False,GCN,,family_order_match
GRB-250702_210643,40933,2025-07-02 22:11:20.999999938+00:00,18.42,18.42,0.0,uvot::b,b,False,GCN,,family_order_match
GRB-250702_210643,40933,2025-07-02 22:45:07.000415706+00:00,18.39,18.39,0.0,uvot::v,v,False,GCN,,family_order_match
GRB-250702_210643,40933,2025-07-02 23:46:51.999999988+00:00,19.53,19.53,0.0,uvot::uvm2,m2,False,GCN,,family_order_match
GRB-250702_210643,40936,2025-07-03 17:25:09.999999888+00:00,20.72,20.72,0.0,bessellb,VT_B,False,GCN,,time_match
GRB-250702_210643,40936,2025-07-03 17:25:09.999999888+00:00,20.11,20.11,0.0,bessellr,VT_R,False,GCN,,time_match
GRB-250702_210643,40939,2025-07-03 21:15:51.000000393+00:00,21.06,,,sdssg,,,GCN,,not_found
GRB-250702_210643,40939,2025-07-03 21:15:51.000000393+00:00,20.77,,,sdssr,,,GCN,,not_found
GRB-250706_154831,40988,2025-07-06 15:50:56.999999840+00:00,19.2,,,uvot::u,,,GCN,,not_found
GRB-250706_154831,40990,2025-07-06 16:04:54.998399706+00:00,20.0,20.0,0.0,sdssr,r',False,GCN,,time_match
GRB-250706_154831,40990,2025-07-06 16:22:51.974399688+00:00,20.3,20.3,0.0,sdssg,g',False,GCN,,time_match
GRB-250706_154831,40990,2025-07-06 16:47:19.996800034+00:00,20.5,20.5,0.0,sdssr,r',False,GCN,,time_match
GRB-250706_154831,40998,2025-07-06 15:50:34.999584198+00:00,19.31,19.31,0.0,sdssi,i,False,GCN,,time_match
GRB-250706_154831,40998,2025-07-06 16:00:54.999935956+00:00,20.66,20.66,0.0,sdssg,g,False,GCN,,time_match
GRB-250706_154831,40998,2025-07-06 16:04:30.000287956+00:00,20.37,20.37,0.0,sdssr,r,False,GCN,,time_match
GRB-250706_154831,41001,2025-07-06 15:55:19.000000107+00:00,21.1,,,sdssz,,,GCN,,not_found
GRB-250706_154831,41001,2025-07-06 15:55:19.000000107+00:00,21.4,,,sdssr,,,GCN,,not_found
GRB-250706_154831,41002,2025-07-07 04:52:26.000000319+00:00,18.0,,,ps1::open,,,GCN,,not_found
GRB-250706_154831,41006,2025-07-07 06:51:06.999999664+00:00,19.8,19.8,0.0,sdssr,r,False,GCN,,family_order_match
GRB-250706_154831,41008,2025-07-06 15:52:29.999999582+00:00,19.5,,,uvot::u,,,GCN,,not_found
GRB-250706_154831,41008,2025-07-06 15:55:23.000000419+00:00,18.0,18.0,0.0,uvot::b,b,False,GCN,,family_order_match
GRB-250706_154831,41008,2025-07-06 15:55:49.000000209+00:00,19.9,19.9,0.0,uvot::uvw2,w2,False,GCN,,family_order_match
GRB-250706_154831,41008,2025-07-06 15:56:12.999999528+00:00,16.8,16.8,0.0,uvot::v,v,False,GCN,,family_order_match
GRB-250706_154831,41008,2025-07-06 15:56:30.000000361+00:00,17.9,17.9,0.0,uvot::uvm2,m2,False,GCN,,family_order_match
GRB-250706_154831,41008,2025-07-06 15:56:54.999999916+00:00,18.2,18.2,0.0,uvot::uvw1,w1,False,GCN,,family_order_match
GRB-250718_001403,41114,2025-07-18 00:14:38.000000307+00:00,19.0,,,ps1::open,,,GCN,,not_found
GRB-250718_001403,41116,2025-07-18 04:19:00.000000361+00:00,22.7,22.7,0.0,sdssi,i,False,GCN,,family_order_match
GRB-250725_015136,41157,2025-07-25 01:52:22.000223809+00:00,15.8,,,ps1::open,,,GCN,,not_found
GRB-250725_015136,41158,2025-07-25 02:27:11.000160190+00:00,19.33,,,bessellr,,,GCN,,not_found
GRB-250725_015136,41158,2025-07-25 02:27:11.000160190+00:00,22.3,,,bessellb,,,GCN,,not_found
GRB-250725_015136,41159,2025-07-25 01:53:26.999807758+00:00,15.7,,,gaia::g,,,GCN,,not_found
GRB-250725_015136,41160,2025-07-25 07:44:30.999999929+00:00,20.5,,,besselli,,,GCN,,not_found
GRB-250807_104608,41262,2025-08-07 10:59:39.000000330+00:00,17.98,,,uvot::white,,,GCN,,not_found
GRB-250807_154308,41268,2025-08-07 15:45:39.999999916+00:00,16.31,,,uvot::white,,,GCN,,not_found
GRB-250807_154308,41278,2025-08-08 03:36:00.000000129+00:00,20.4,20.4,0.0,standard::r,r,False,GCN,,family_order_match
GRB-250814_073500,41380,2025-08-14 08:51:58.999968025+00:00,21.693287296387883,,,bessellr,,,GCN,,not_found
GRB-250814_073500,41381,2025-08-15 00:00:00+00:00,23.3,23.3,0.0,sdssi,i,False,GCN,GTC,family_order_match
GRB-250814_073500,41382,2025-08-15 03:20:00.000095697+00:00,21.3,21.3,0.0,2massks,Ks,False,GCN,,family_order_match
GRB-250814_073500,41382,2025-08-15 04:00:00.000287706+00:00,21.72,21.72,0.0,2massj,J,False,GCN,,family_order_match
GRB-250814_073500,41387,2025-08-14 07:44:15.349632190+00:00,19.7,,,standard::i,,,GCN,,not_found
GRB-250814_073500,41387,2025-08-14 07:44:15.349632190+00:00,20.7,,,standard::r,,,GCN,,not_found
GRB-251126_191037,42844,2025-11-26 19:14:32.000004349+00:00,18.26,18.26,0.0,sdssr,r',False,GCN,,time_match
GRB-251126_191037,42849,2025-11-26 19:48:17.279999939+00:00,18.27,18.27,0.0,sdssi,i,False,GCN,,family_order_match
GRB-251126_191037,42855,2025-11-27 03:31:59.999999972+00:00,20.62,20.62,0.0,sdssr,r,False,COLIBRI-VIS,,family_order_match
GRB-251126_191037,42855,2025-11-27 03:31:59.999999972+00:00,19.86,19.86,0.0,sdssz,z,False,COLIBRI-VIS,,family_order_match
GRB-251126_191037,42856,2025-11-27 04:41:18.999999680+00:00,20.86,20.86,0.0,sdssr,r',False,GCN,,family_order_match
GRB-251126_191037,42857,2025-11-26 22:17:19.000000014+00:00,19.41,,,standard::i,,,GCN,,not_found
GRB-251126_191037,42858,2025-11-26 23:34:06.000000087+00:00,20.72,20.72,0.0,standard::r,r,False,GCN,,time_match
GRB-251126_191037,42859,2025-11-26 19:32:26.000000180+00:00,20.5,20.5,0.0,sdssg,g',False,GCN,,time_match
GRB-251126_191037,42859,2025-11-26 19:32:26.000000180+00:00,18.7,18.7,0.0,bessellr,Rc,False,GCN,,time_match
GRB-251126_191037,42859,2025-11-26 19:32:26.000000180+00:00,18.2,18.2,0.0,besselli,Ic,False,GCN,,time_match
GRB-251126_191037,42861,2025-11-26 20:35:10.999999567+00:00,19.99,19.99,0.0,standard::r,R,False,GCN,Mondy/AZT-33IK,time_match
GRB-251126_191037,42861,2025-11-26 20:45:11.999999868+00:00,19.84,19.84,0.0,standard::r,R,False,GCN,Mondy/AZT-33IK,time_match
GRB-251126_191037,42861,2025-11-26 21:01:11.999999858+00:00,19.89,19.89,0.0,standard::r,R,False,GCN,Mondy/AZT-33IK,time_match
GRB-251126_191037,42861,2025-11-26 21:31:39.000000089+00:00,19.81,19.81,0.0,bessellr,Rc,False,GCN,SAO/Zeiss-1000,time_match
GRB-251126_191037,42861,2025-11-26 21:58:22.000000137+00:00,19.95,19.95,0.0,bessellr,Rc,False,GCN,SAO/Zeiss-1000,time_match
GRB-251126_191037,42861,2025-11-27 01:14:01.999999849+00:00,20.63,20.63,0.0,bessellr,Rc,False,GCN,SAO/Zeiss-1000,time_match
GRB-251126_191037,42861,2025-11-27 01:57:56.000000142+00:00,20.62,20.62,0.0,bessellr,Rc,False,GCN,SAO/Zeiss-1000,time_match
GRB-251126_191037,42863,2025-11-26 19:13:16.999991221+00:00,20.0,20.0,0.0,uvot::white,white_FC,False,GCN,,family_order_match
GRB-251126_191037,42863,2025-11-26 19:24:32.499996678+00:00,20.3,20.3,0.0,uvot::white,white,False,GCN,,family_order_match
GRB-251126_191037,42863,2025-11-26 19:43:20.999997396+00:00,20.5,20.5,0.0,uvot::white,white,False,GCN,,family_order_match
GRB-251126_191037,42863,2025-11-26 19:50:24.499991091+00:00,20.4,20.4,0.0,uvot::u,u_FC,False,GCN,,family_order_match
GRB-251126_191037,42863,2025-11-26 20:04:38.999991247+00:00,18.7,18.7,0.0,uvot::v,v,False,GCN,,family_order_match
GRB-251126_191037,42863,2025-11-26 20:25:34.499991472+00:00,19.4,19.4,0.0,uvot::b,b,False,GCN,,family_order_match
GRB-251126_191037,42863,2025-11-26 20:44:54.499997984+00:00,18.32,18.32,0.0,uvot::uvw1,uvw1,False,GCN,,family_order_match
GRB-251126_191037,42863,2025-11-26 20:57:24.499992882+00:00,18.0,18.0,0.0,uvot::uvm2,uvm2,False,GCN,,family_order_match
GRB-251126_191037,42863,2025-11-26 21:15:34.499989310+00:00,18.7,18.7,0.0,uvot::uvw2,uvw2,False,GCN,,family_order_match
GRB-251126_191037,42864,2025-11-27 18:10:19.000000107+00:00,21.62,,,standard::r,,,GCN,,not_found
GRB-251126_191037,42866,2025-11-27 22:37:35.999999725+00:00,22.14,,,standard::r,,,GCN,,not_found
GRB-251126_191037,42870,2025-11-27 20:20:21.999999831+00:00,22.02,22.02,0.0,bessellr,Rc,False,GCN,,time_match
GRB-251126_191037,42870,2025-11-27 23:30:59.999999981+00:00,22.24,22.24,0.0,bessellr,Rc,False,GCN,,time_match
GRB-251126_191037,42871,2025-11-26 22:58:00.000000445+00:00,20.1,,,sdssr,,,GCN,,not_found
GRB-251126_191037,42871,2025-11-27 00:37:59.999999888+00:00,21.9,,,sdssg,,,GCN,,not_found
GRB-251126_191037,42875,2025-11-27 16:32:42.000000146+00:00,21.393287296387882,21.2,0.1932872963878829,bessellr,R,False,GCN,TSHAO/Zeiss-1000,time_match
GRB-251126_191037,42875,2025-11-27 18:55:20.999999948+00:00,22.293287296387884,22.1,0.1932872963878829,bessellr,R,False,GCN,Mondy/AZT-33IK,time_match
GRB-251126_191037,42875,2025-11-27 20:09:59.000000042+00:00,22.09328729638788,21.9,0.1932872963878829,bessellr,R,False,GCN,AbAO/AS-32,time_match
GRB-251126_191037,42896,2025-11-28 22:35:56.000000235+00:00,23.15,23.15,0.0,bessellr,Rc,False,GCN,,time_match
GRB-251126_191037,42941,2025-11-27 20:30:59.999999981+00:00,22.87,,,bessellb,,,GCN,,not_found
GRB-251126_191037,42941,2025-11-27 20:30:59.999999981+00:00,21.64,,,bessellr,,,GCN,,not_found
GRB-251126_191037,42944,2025-11-30 00:19:42.999999936+00:00,24.493287296387884,24.3,0.1932872963878829,bessellr,Rc,False,GCN,,time_match
GRB-251230_012141,43258,2025-12-30 01:50:41.000000291+00:00,16.3,16.3,0.0,sdssr,r,False,GCN,,time_match
GRB-251230_012141,43260,2025-12-30 02:58:46.000127922+00:00,18.59328729638788,18.4,0.1932872963878829,bessellr,R,False,GCN,,family_order_match
GRB-251230_012141,43262,2025-12-30 02:11:53.999999894+00:00,17.2,17.2,0.0,sdssr,r,False,GCN,,family_order_match
GRB-251230_012141,43262,2025-12-30 02:28:47.000000331+00:00,17.64,17.64,0.0,sdssr,r,False,GCN,,family_order_match
GRB-260101_005630,4287,2026-01-01 02:13:40.000000157+00:00,18.05,,,sdssr,,,GCN,,not_found
GRB-260101_005630,4386,2026-01-01 01:55:12.999999751+00:00,17.67,,,sdssr,,,GCN,,not_found
GRB-260708A,45123,2026-07-08 22:42:34.272000120+00:00,17.804372865820085,,,ps1::open,,,GCN,,not_found
GRB-260708A,45140,2026-07-11 23:43:20.000000092+00:00,19.64,,,sdssg,,,GCN,,not_found
GRB-260708A,45140,2026-07-12 00:21:16.999999905+00:00,19.17,19.17,0.0,sdssi,i,False,GCN,,family_order_match
GRB-260708A,45140,2026-07-12 00:34:31.000000068+00:00,19.21,19.21,0.0,sdssr,r,False,GCN,,family_order_match
GRB-260714B,45172,2026-07-16 03:45:59.999616095+00:00,21.33,21.33,0.0,sdssz,z,False,GCN,,time_match
GRB-260714B,45172,2026-07-16 03:45:59.999616095+00:00,21.47,21.47,0.0,sdssr,r,False,GCN,,time_match
GRB240809,37123,2024-08-09 08:32:07.002239784+00:00,14.419999999999998,14.42,-1.7763568394002505e-15,uvot::white,white,False,UVOTXRT,,family_order_match
GRB240912,37487,2024-09-12 01:54:12.499775956+00:00,16.68,16.68,0.0,uvot::u,u (fc),False,GCN,,family_order_match
GRB240912,37487,2024-09-12 02:03:39.549888112+00:00,18.47,18.47,0.0,uvot::uvw2,uvw2,False,GCN,,family_order_match
GRB240912,37487,2024-09-12 02:04:03.499968181+00:00,17.77971435729657,17.78,-0.00028564270343167664,uvot::v,v,False,GCN,,family_order_match
GRB240912,37487,2024-09-12 02:04:52.999392285+00:00,17.76,17.76,0.0,uvot::uvw1,uvw1,False,GCN,,family_order_match
GRB240912,37487,2024-09-12 02:08:01.996799939+00:00,18.06,,,uvot::white,,,GCN,,not_found
GRB240912,37487,2024-09-12 02:34:28.499519723+00:00,19.08,19.08,0.0,uvot::b,b,False,GCN,,family_order_match
GRB240912,37487,2024-09-12 02:34:34.500000146+00:00,18.14,18.14,0.0,uvot::u,u,False,GCN,,family_order_match
GRB241026,37899,2024-10-26 23:10:00.000000278+00:00,20.233287296387882,20.04,0.1932872963878829,bessellr,R,False,GCN,,family_order_match
GRB241026,37900,2024-10-27 01:57:00.000000250+00:00,19.63,19.63,0.0,sdssr,r,False,COLIBRI-VIS,,family_order_match
GRB241026,37903,2024-10-27 02:22:31.999871801+00:00,19.59328729638788,,,ps1::open,,,GCN,,not_found
GRB241026,37913,2024-10-27 02:19:33.999999931+00:00,19.82,19.82,0.0,sdssr,r,False,GCN,,time_match
GRB241026,37915,2024-10-27 01:53:58.000000456+00:00,18.2,,,2massj,,,GCN,,not_found
GRB241026,37918,2024-10-27 15:32:21.001919723+00:00,20.8,20.8,0.0,sdssr,r',False,GCN,,time_match
GRB241026,37918,2024-10-27 17:39:54.002880155+00:00,20.5,20.5,0.0,sdssi,i',False,GCN,,time_match
GRB241026,37922,2024-10-27 18:39:29.999999554+00:00,21.43328729638788,23.7,-2.266712703612118,bessellr,R,False,GCN,BTA,family_order_match
GRB241026,37922,2024-10-27 19:10:29.999999953+00:00,21.423287296387883,-1000.0,1021.4232872963879,bessellr,R,False,GCN,,family_order_match
GRB241026,37947,2024-10-26 22:57:44.999712164+00:00,21.0,,,uvot::white,,,UVOTXRT,,not_found
GRB241026,37947,2024-10-26 23:00:33.000192112+00:00,20.2,,,uvot::u,,,UVOTXRT,,not_found
GRB241026,37947,2024-10-26 23:02:41.999711809+00:00,19.8,19.8,0.0,uvot::v,v,False,UVOTXRT,,family_order_match
GRB241026,37947,2024-10-26 23:02:48.999839809+00:00,20.6,20.6,0.0,uvot::b,b,False,UVOTXRT,,family_order_match
GRB241026,37947,2024-10-26 23:03:07.000416077+00:00,20.7,20.7,0.0,uvot::uvm2,m2,False,UVOTXRT,,family_order_match
GRB241026,37947,2024-10-26 23:03:32.000255965+00:00,20.7,20.7,0.0,uvot::uvw1,w1,False,UVOTXRT,,family_order_match
GRB241026,37947,2024-10-26 23:03:37.000223809+00:00,20.0,20.0,0.0,uvot::uvw2,w2,False,UVOTXRT,,family_order_match
GRB241026,37953,2024-10-28 23:19:59.999807982+00:00,21.793287296387884,,,bessellr,,,GCN,,not_found
GRB241026,37953,2024-10-29 18:09:59.999615965+00:00,23.143287296387882,22.95,0.1932872963878829,bessellr,R,False,GCN,,family_order_match
GRB241026,37969,2024-10-28 03:35:00.000384034+00:00,21.4,21.4,0.0,sdssr,r',False,GCN,,family_order_match
GRB241026,38028,2024-10-30 17:55:00.000192017+00:00,24.09328729638788,23.9,0.1932872963878829,bessellr,R,False,GCN,,family_order_match
GRB241026,38299,2024-10-27 22:49:52.000000155+00:00,20.693287296387883,20.5,0.1932872963878829,bessellr,R,False,GCN,,family_order_match
GRB241030,37974,2024-10-30 05:50:38.399999732+00:00,16.284311612155236,15.43,0.8543116121552359,uvot::white,white,False,UVOTXRT,,family_order_match
GRB241030,37974,2024-10-30 05:55:06.239999879+00:00,13.971607900472492,12.96,1.011607900472491,uvot::u,u,False,UVOTXRT,,family_order_match
GRB241030,37974,2024-10-30 05:57:24.480000155+00:00,13.847006613041906,13.96,-0.11299338695809524,uvot::b,b,False,UVOTXRT,,family_order_match
GRB241030,37974,2024-10-30 05:57:50.400000129+00:00,14.654311612155237,13.8,0.8543116121552359,uvot::white,white,False,UVOTXRT,,family_order_match
GRB241030,37974,2024-10-30 05:58:16.320000103+00:00,17.06715146152105,15.34,1.72715146152105,uvot::uvw2,w2,False,UVOTXRT,,family_order_match
GRB241030,37974,2024-10-30 05:58:42.240000077+00:00,13.709714357296567,13.71,-0.000285642703433453,uvot::v,v,False,UVOTXRT,,family_order_match
GRB241030,37974,2024-10-30 05:58:59.520000267+00:00,16.25097123571111,14.57,1.6809712357111088,uvot::uvm2,m2,False,UVOTXRT,,family_order_match
GRB241030,37974,2024-10-30 05:59:25.440000241+00:00,15.598618409686884,14.09,1.5086184096868838,uvot::uvw1,w1,False,UVOTXRT,,family_order_match
GRB241030,37974,2024-10-30 06:00:43.200000164+00:00,15.044311612155235,14.19,0.8543116121552359,uvot::white,white,False,UVOTXRT,,family_order_match
GRB241127,38365,2024-11-27 21:51:19.999999563+00:00,17.04,17.04,0.0,uvot::white,white,False,UVOTXRT,,family_order_match
GRB241127,38365,2024-11-28 02:17:35.000000399+00:00,19.81,19.81,0.0,uvot::white,white,False,UVOTXRT,,family_order_match
GRB250114,38927,2025-01-14 07:35:34.999999730+00:00,21.204311612155237,,,uvot::white,,,UVOTXRT,,not_found
GRB250114,38929,2025-01-14 07:47:37.999999631+00:00,20.393287296387882,,,bessellr,,,TRT,,not_found
GRB250114,38929,2025-01-14 07:47:38.399999982+00:00,20.2,,,bessellr,,,GCN,,not_found
GRB250219A,39382,2025-02-20 05:19:00.000191887+00:00,23.53,23.53,0.0,sdssi,i,False,COLIBRI-VIS,,time_match
GRB250221A,39395,2025-02-21 03:36:09.999935827+00:00,16.5,,,bessellv,,,GCN,,not_found
GRB250221A,39396,2025-02-21 03:40:17.000255706+00:00,17.82,,,uvot::u,,,UVOTXRT,,not_found
GRB250221A,39397,2025-02-21 03:35:55.999679844+00:00,17.04,17.04,0.0,sdssi,i,False,COLIBRI-VIS,,time_match
GRB250221A,39406,2025-02-21 03:35:47.000256086+00:00,16.5,16.5,0.0,sdssr,r,False,GCN,,family_order_match
GRB250221A,39406,2025-02-21 03:36:09.999935827+00:00,15.004372865820086,,,ps1::open,,,GCN,,not_found
GRB250221A,39409,2025-02-21 03:36:24.000191818+00:00,17.1,17.1,0.0,uvot::v,v,False,UVOTXRT,,family_order_match
GRB250221A,39409,2025-02-21 03:36:44.000063844+00:00,17.52,17.52,0.0,uvot::white,white,False,UVOTXRT,,family_order_match
GRB250221A,39409,2025-02-21 03:40:17.000255706+00:00,17.78,17.78,0.0,uvot::u,u,False,UVOTXRT,,family_order_match
GRB250221A,39409,2025-02-21 03:44:32.000351784+00:00,18.7,18.7,0.0,uvot::b,b,False,UVOTXRT,,family_order_match
GRB250221A,39409,2025-02-21 03:44:57.000192293+00:00,18.41,18.41,0.0,uvot::white,white,False,UVOTXRT,,family_order_match
GRB250221A,39409,2025-02-21 04:46:56.000064+00:00,18.7,18.7,0.0,uvot::uvw2,w2,False,UVOTXRT,,family_order_match
GRB250221A,39409,2025-02-21 04:49:20.999999827+00:00,18.8,18.8,0.0,uvot::v,v,False,UVOTXRT,,family_order_match
GRB250221A,39409,2025-02-21 04:52:46.000416129+00:00,18.6,18.6,0.0,uvot::uvm2,m2,False,UVOTXRT,,family_order_match
GRB250221A,39409,2025-02-21 04:56:10.999968051+00:00,19.0,19.0,0.0,uvot::uvw1,w1,False,UVOTXRT,,family_order_match
GRB250221A,39410,2025-02-21 15:53:37.000320138+00:00,19.7,,,besselli,,,GCN,,not_found
GRB250221A,39412,2025-02-21 11:55:52.000031922+00:00,21.57,21.57,0.0,sdssg,g,False,GCN,,time_match
GRB250221A,39412,2025-02-21 11:55:52.999680120+00:00,22.2,22.2,0.0,sdssu,u,False,GCN,,time_match
GRB250221A,39412,2025-02-21 12:05:53.999808034+00:00,22.61,22.61,0.0,bessellv,v,False,GCN,,time_match
GRB250221A,39412,2025-02-21 12:05:53.999808034+00:00,20.87,20.87,0.0,sdssr,r,False,GCN,,time_match
GRB250221A,39413,2025-02-21 20:38:48.999839930+00:00,22.0,22.0,0.0,sdssr,r,False,TNOT,,family_order_match
GRB250221A,39422,2025-02-21 15:25:09.000191818+00:00,20.9,20.9,0.0,sdssr,r',False,GCN,,time_match
GRB250221A,39424,2025-02-21 12:25:51.999744216+00:00,20.3,20.3,0.0,bessellr,R,False,GCN,,time_match
GRB250221A,39425,2025-02-22 02:12:15.359616112+00:00,21.91,21.91,0.0,bessellb,B,False,GCN,,family_order_match
GRB250221A,39425,2025-02-22 02:17:32.780255974+00:00,20.85,20.85,0.0,sdssr,r,False,GCN,,family_order_match
GRB250221A,39426,2025-02-22 12:29:44.000159913+00:00,19.95,19.95,0.0,bessellr,R,False,GCN,,time_match
GRB250221A,39427,2025-02-22 15:01:45.000191766+00:00,20.5,20.5,0.0,sdssr,r',False,GCN,,time_match
GRB250221A,39446,2025-02-23 13:05:48.480000207+00:00,20.46,20.46,0.0,sdssr,r,False,TNOT,,family_order_match
GRB250226A,39486,2025-02-26 06:56:44.999807732+00:00,17.7,,,sdssr,,,GCN,,not_found
GRB250226A,39487,2025-02-26 08:27:05.999999976+00:00,19.17,19.17,0.0,sdssr,r,False,GCN,,family_order_match
GRB250226A,39488,2025-02-26 08:35:31.000000467+00:00,19.05,19.05,0.0,sdssi,i,False,GCN,,family_order_match
GRB250226A,39489,2025-02-26 09:23:00.000000101+00:00,19.0,,,sdssi,,,GCN,,not_found
GRB250226A,39489,2025-02-26 09:23:00.000000101+00:00,19.3,,,sdssz,,,GCN,,not_found
GRB250226A,39509,2025-02-26 19:33:36.000000198+00:00,21.1,21.1,0.0,sdssg,g,False,GCN,LOT,time_match
GRB250226A,39509,2025-02-26 19:49:26.400000077+00:00,21.73,21.73,0.0,sdssr,r,False,GCN,LOT,time_match
GRB250226A,39511,2025-02-26 17:59:41.999999562+00:00,22.6,22.6,0.0,sdssu,u,False,GCN,,time_match
GRB250226A,39511,2025-02-26 17:59:41.999999562+00:00,22.2,22.2,0.0,sdssg,g,False,GCN,,time_match
GRB250226A,39511,2025-02-26 18:17:11.000000235+00:00,23.0,23.0,0.0,bessellv,v,False,GCN,,time_match
GRB250226A,39511,2025-02-26 18:17:11.000000235+00:00,21.2,21.2,0.0,sdssr,r,False,GCN,,time_match
GRB250226A,39514,2025-02-27 03:01:57.000288233+00:00,21.56,,,gaia::grp,,,VT,,not_found
GRB250226A,39514,2025-02-27 03:01:57.000288233+00:00,22.58,,,gaia::gbp,,,VT,,not_found
GRB250226A,39515,2025-02-26 17:04:55.000416181+00:00,21.19,21.19,0.0,bessellr,R,False,Xinglong-2.16m,,time_match
GRB250226A,39515,2025-02-26 18:05:21.000191965+00:00,21.68,21.68,0.0,besselli,I,False,Xinglong-2.16m,,time_match
GRB250226A,39524,2025-02-27 01:28:38.999999922+00:00,21.22,,,sdssi,,,GCN,,not_found
GRB250226A,39524,2025-02-27 01:28:40.000000157+00:00,21.44,,,sdssr,,,GCN,,not_found
GRB250226A,39730,2025-02-28 23:27:50.999904259+00:00,22.293287296387884,,,bessellr,,,GCN,,not_found
GRB250226A,39730,2025-03-01 20:06:19.000223965+00:00,23.993287296387884,,,bessellr,,,GCN,,not_found
GRB250226A,39796,2025-02-27 10:39:44.999711784+00:00,22.393287296387882,,,ps1::open,,,GCN,,not_found
GRB250309B,39639,2025-03-09 07:56:30.000000157+00:00,18.48,,,ztfr,,,ZTF,,not_found
GRB250309B,39643,2025-03-09 22:28:06.000383853+00:00,20.38,20.38,0.0,sdssg,g',False,GCN,,time_match
GRB250309B,39643,2025-03-09 22:31:45.999839956+00:00,20.12,20.12,0.0,sdssr,r',False,GCN,,time_match
GRB250309B,39643,2025-03-09 22:35:16.000224112+00:00,19.87,19.87,0.0,sdssi,i',False,GCN,,time_match
GRB250309B,39645,2025-03-09 21:58:17.000256086+00:00,19.52,,,bessellr,,,GCN,,not_found
GRB250309B,39645,2025-03-09 23:52:03.000288311+00:00,19.66,,,bessellr,,,GCN,,not_found
GRB250309B,39646,2025-03-10 01:46:53.471999861+00:00,20.47,,,sdssg,,,GCN,,not_found
GRB250309B,39646,2025-03-10 01:50:59.712000241+00:00,20.3,,,sdssr,,,GCN,,not_found
GRB250309B,39646,2025-03-10 01:55:04.224000034+00:00,20.07,,,sdssi,,,GCN,,not_found
GRB250309B,39646,2025-03-10 01:59:08.735999827+00:00,19.44,,,sdssz,,,GCN,,not_found
GRB250309B,39654,2025-03-09 09:44:15.936000172+00:00,17.88,17.88,0.0,sdssi,,False,GCN,,time_match
GRB250309B,39654,2025-03-09 09:46:24.671999749+00:00,17.87,17.87,0.0,sdssi,,False,GCN,,time_match
GRB250309B,39658,2025-03-10 22:30:26.820288043+00:00,20.65,20.65,0.0,bessellr,R,False,GCN,,family_order_match
GRB250309B,39661,2025-03-10 07:01:04.260287930+00:00,20.2,,,sdssr,,,GCN,,not_found
GRB250309B,39661,2025-03-10 07:01:04.260287930+00:00,20.72,,,bessellb,,,GCN,,not_found
GRB250309B,39679,2025-03-10 20:25:18.999839809+00:00,20.36,,,bessellr,,,GCN,,not_found
GRB250316A,39747,2025-03-16 08:59:56.999999924+00:00,17.3,,,ps1::open,,,GCN,,not_found
GRB250316A,39760,2025-03-17 00:17:40.999999706+00:00,19.7,,,bessellr,,,GCN,,not_found
GRB250316A,39762,2025-03-16 15:03:17.000000156+00:00,22.53,22.53,0.0,uvot::white,white,False,UVOTXRT,,family_order_match
GRB250317B,39752,2025-03-17 02:22:08.000000094+00:00,21.0,,,bessellr,,,GCN,,not_found
GRB250317B,39754,2025-03-17 04:21:00.000000129+00:00,18.18,18.18,0.0,sdssr,r,False,COLIBRI-VIS,,time_match
GRB250317B,39757,2025-03-17 07:26:01.000000078+00:00,19.27,,,sdssr,,,GCN,,not_found
GRB250317B,39766,2025-03-17 02:12:08.000000029+00:00,18.0,,,ps1::open,,,GCN,,not_found
GRB250317B,39767,2025-03-17 21:56:40.999999790+00:00,21.87,21.87,0.0,sdssr,r,False,GCN,,family_order_match
GRB250317B,39769,2025-03-18 00:16:22.000000100+00:00,21.72,,,sdssr,,,GTC/OSIRIS,,not_found
GRB250317B,39770,2025-03-17 22:43:23.999999977+00:00,21.7,21.7,0.0,sdssr,r,False,GCN,,family_order_match
GRB250317B,39772,2025-03-17 15:41:48.999999986+00:00,20.94,20.88,0.060000000000002274,bessellr,R,False,GCN,,time_match
GRB250317B,39774,2025-03-18 20:04:16.000000328+00:00,20.0,,,ps1::open,,,GCN,,not_found
GRB250317B,39784,2025-03-19 06:31:59.999999972+00:00,23.95,23.95,0.0,sdssr,r,False,GCN,,time_match
GRB250322A,39842,2025-03-22 20:45:21.999999692+00:00,22.6,22.6,0.0,sdssz,z,False,GCN,,family_order_match
GRB250322A,39842,2025-03-22 20:45:21.999999692+00:00,24.3,24.3,0.0,sdssr,r,False,GCN,,family_order_match
GRB250322A,39845,2025-03-23 00:12:12.000000119+00:00,25.8,25.8,0.0,bessellr,R,False,GCN,,family_order_match
GRB250322A,39846,2025-03-23 00:06:31.000000245+00:00,24.2,24.2,0.0,standard::r,r,False,GCN,,time_match
GRB250322A,39846,2025-03-23 00:06:31.000000245+00:00,24.4,24.4,0.0,standard::i,i,False,GCN,,time_match
GRB250725A,41151,2025-07-25 01:52:29.000351809+00:00,15.6,,,ps1::open,,,GCN,,not_found
GRB250728A,41191,2025-07-29 04:32:00.000095948+00:00,24.2,24.2,0.0,sdssi,i,False,COLIBRI-VIS,,family_order_match
GRB250728A,41191,2025-07-29 04:32:00.000095948+00:00,24.75,24.75,0.0,sdssi,i,False,COLIBRI-VIS,,family_order_match
